{
	"credit": "Made with Blockbench",
	"textures": {
		"2": "civilization:item/tools/dragon_fire",
		"particle": "civilization:item/tools/dragon_fire"
	},
	"elements": [
		{
			"from": [8.6, 5.7, 7.075],
			"to": [8.725, 6, 7.95],
			"faces": {
				"north": {"uv": [16, 4.875, 15.875, 5], "texture": "#2"},
				"east": {"uv": [15.875, 4.875, 16, 5.75], "rotation": 90, "texture": "#2"},
				"south": {"uv": [15.875, 5.625, 16, 5.75], "texture": "#2"},
				"west": {"uv": [15.875, 4.875, 16, 5.75], "rotation": 90, "texture": "#2"},
				"up": {"uv": [15.875, 4.875, 16, 5.75], "texture": "#2"},
				"down": {"uv": [16, 4.875, 15.875, 5.75], "rotation": 180, "texture": "#2"}
			}
		},
		{
			"from": [8.475, 5.7, 6.825],
			"to": [8.6, 6, 8.2],
			"faces": {
				"north": {"uv": [15.875, 4.625, 15.75, 4.75], "texture": "#2"},
				"east": {"uv": [15.75, 4.625, 15.875, 6], "rotation": 90, "texture": "#2"},
				"south": {"uv": [15.75, 5.875, 15.875, 6], "texture": "#2"},
				"west": {"uv": [15.75, 4.625, 15.875, 6], "rotation": 90, "texture": "#2"},
				"up": {"uv": [15.75, 4.625, 15.875, 6], "texture": "#2"},
				"down": {"uv": [15.875, 4.625, 15.75, 6], "rotation": 180, "texture": "#2"}
			}
		},
		{
			"from": [7.85, 5.7, 6.2],
			"to": [8.1, 6, 8.825],
			"faces": {
				"north": {"uv": [15.375, 4, 15.125, 4.125], "texture": "#2"},
				"east": {"uv": [15.25, 4, 15.375, 6.625], "rotation": 90, "texture": "#2"},
				"south": {"uv": [15.125, 6.5, 15.375, 6.625], "texture": "#2"},
				"west": {"uv": [15.125, 4, 15.25, 6.625], "rotation": 90, "texture": "#2"},
				"up": {"uv": [15.125, 4, 15.375, 6.625], "texture": "#2"},
				"down": {"uv": [15.375, 4, 15.125, 6.625], "rotation": 180, "texture": "#2"}
			}
		},
		{
			"from": [8.35, 5.7, 6.575],
			"to": [8.475, 6, 8.45],
			"faces": {
				"north": {"uv": [15.75, 4.375, 15.625, 4.5], "texture": "#2"},
				"east": {"uv": [15.625, 4.375, 15.75, 6.25], "rotation": 90, "texture": "#2"},
				"south": {"uv": [15.625, 6.125, 15.75, 6.25], "texture": "#2"},
				"west": {"uv": [15.625, 4.375, 15.75, 6.25], "rotation": 90, "texture": "#2"},
				"up": {"uv": [15.625, 4.375, 15.75, 6.25], "texture": "#2"},
				"down": {"uv": [15.75, 4.375, 15.625, 6.25], "rotation": 180, "texture": "#2"}
			}
		},
		{
			"from": [8.1, 5.7, 6.325],
			"to": [8.35, 6, 8.7],
			"faces": {
				"north": {"uv": [15.625, 4.125, 15.375, 4.25], "texture": "#2"},
				"east": {"uv": [15.5, 4.125, 15.625, 6.5], "rotation": 90, "texture": "#2"},
				"south": {"uv": [15.375, 6.375, 15.625, 6.5], "texture": "#2"},
				"west": {"uv": [15.375, 4.125, 15.5, 6.5], "rotation": 90, "texture": "#2"},
				"up": {"uv": [15.375, 4.125, 15.625, 6.5], "texture": "#2"},
				"down": {"uv": [15.625, 4.125, 15.375, 6.5], "rotation": 180, "texture": "#2"}
			}
		},
		{
			"from": [7.6, 5.7, 6.075],
			"to": [7.85, 6, 8.95],
			"faces": {
				"north": {"uv": [15.125, 3.875, 14.875, 4], "texture": "#2"},
				"east": {"uv": [15, 3.875, 15.125, 6.75], "rotation": 90, "texture": "#2"},
				"south": {"uv": [14.875, 6.625, 15.125, 6.75], "texture": "#2"},
				"west": {"uv": [14.875, 3.875, 15, 6.75], "rotation": 90, "texture": "#2"},
				"up": {"uv": [14.875, 3.875, 15.125, 6.75], "texture": "#2"},
				"down": {"uv": [15.125, 3.875, 14.875, 6.75], "rotation": 180, "texture": "#2"}
			}
		},
		{
			"from": [6.725, 5.7, 5.95],
			"to": [7.6, 6, 9.075],
			"faces": {
				"north": {"uv": [14.875, 3.75, 14, 3.875], "texture": "#2"},
				"east": {"uv": [14.75, 3.75, 14.875, 6.875], "rotation": 90, "texture": "#2"},
				"south": {"uv": [14, 6.75, 14.875, 6.875], "texture": "#2"},
				"west": {"uv": [14, 3.75, 14.125, 6.875], "rotation": 90, "texture": "#2"},
				"up": {"uv": [14, 3.75, 14.875, 6.875], "texture": "#2"},
				"down": {"uv": [14.875, 3.75, 14, 6.875], "rotation": 180, "texture": "#2"}
			}
		},
		{
			"from": [6.475, 5.7, 6.075],
			"to": [6.725, 6, 8.95],
			"faces": {
				"north": {"uv": [14, 3.875, 13.75, 4], "texture": "#2"},
				"east": {"uv": [13.875, 3.875, 14, 6.75], "rotation": 90, "texture": "#2"},
				"south": {"uv": [13.75, 6.625, 14, 6.75], "texture": "#2"},
				"west": {"uv": [13.75, 3.875, 13.875, 6.75], "rotation": 90, "texture": "#2"},
				"up": {"uv": [13.75, 3.875, 14, 6.75], "texture": "#2"},
				"down": {"uv": [14, 3.875, 13.75, 6.75], "rotation": 180, "texture": "#2"}
			}
		},
		{
			"from": [6.225, 5.7, 6.2],
			"to": [6.475, 6, 8.825],
			"faces": {
				"north": {"uv": [13.75, 4, 13.5, 4.125], "texture": "#2"},
				"east": {"uv": [13.625, 4, 13.75, 6.625], "rotation": 90, "texture": "#2"},
				"south": {"uv": [13.5, 6.5, 13.75, 6.625], "texture": "#2"},
				"west": {"uv": [13.5, 4, 13.625, 6.625], "rotation": 90, "texture": "#2"},
				"up": {"uv": [13.5, 4, 13.75, 6.625], "texture": "#2"},
				"down": {"uv": [13.75, 4, 13.5, 6.625], "rotation": 180, "texture": "#2"}
			}
		},
		{
			"from": [5.975, 5.7, 6.325],
			"to": [6.225, 6, 8.7],
			"faces": {
				"north": {"uv": [13.5, 4.125, 13.25, 4.25], "texture": "#2"},
				"east": {"uv": [13.375, 4.125, 13.5, 6.5], "rotation": 90, "texture": "#2"},
				"south": {"uv": [13.25, 6.375, 13.5, 6.5], "texture": "#2"},
				"west": {"uv": [13.25, 4.125, 13.375, 6.5], "rotation": 90, "texture": "#2"},
				"up": {"uv": [13.25, 4.125, 13.5, 6.5], "texture": "#2"},
				"down": {"uv": [13.5, 4.125, 13.25, 6.5], "rotation": 180, "texture": "#2"}
			}
		},
		{
			"from": [5.6, 5.7, 7.075],
			"to": [5.725, 6, 7.95],
			"faces": {
				"north": {"uv": [13, 4.875, 12.875, 5], "texture": "#2"},
				"east": {"uv": [12.875, 4.875, 13, 5.75], "rotation": 90, "texture": "#2"},
				"south": {"uv": [12.875, 5.625, 13, 5.75], "texture": "#2"},
				"west": {"uv": [12.875, 4.875, 13, 5.75], "rotation": 90, "texture": "#2"},
				"up": {"uv": [12.875, 4.875, 13, 5.75], "texture": "#2"},
				"down": {"uv": [13, 4.875, 12.875, 5.75], "rotation": 180, "texture": "#2"}
			}
		},
		{
			"from": [5.725, 5.7, 6.825],
			"to": [5.85, 6, 8.2],
			"faces": {
				"north": {"uv": [13.125, 4.625, 13, 4.75], "texture": "#2"},
				"east": {"uv": [13, 4.625, 13.125, 6], "rotation": 90, "texture": "#2"},
				"south": {"uv": [13, 5.875, 13.125, 6], "texture": "#2"},
				"west": {"uv": [13, 4.625, 13.125, 6], "rotation": 90, "texture": "#2"},
				"up": {"uv": [13, 4.625, 13.125, 6], "texture": "#2"},
				"down": {"uv": [13.125, 4.625, 13, 6], "rotation": 180, "texture": "#2"}
			}
		},
		{
			"from": [5.85, 5.7, 6.575],
			"to": [5.975, 6, 8.45],
			"faces": {
				"north": {"uv": [13.25, 4.375, 13.125, 4.5], "texture": "#2"},
				"east": {"uv": [13.125, 4.375, 13.25, 6.25], "rotation": 90, "texture": "#2"},
				"south": {"uv": [13.125, 6.125, 13.25, 6.25], "texture": "#2"},
				"west": {"uv": [13.125, 4.375, 13.25, 6.25], "rotation": 90, "texture": "#2"},
				"up": {"uv": [13.125, 4.375, 13.25, 6.25], "texture": "#2"},
				"down": {"uv": [13.25, 4.375, 13.125, 6.25], "rotation": 180, "texture": "#2"}
			}
		},
		{
			"from": [6.85, 6, 7.3],
			"to": [6.975, 7.125, 7.725],
			"rotation": {"angle": 0, "axis": "y", "origin": [1.275, 0.425, 0]},
			"faces": {
				"north": {"uv": [14.25, 2.625, 14.125, 3.75], "texture": "#2"},
				"east": {"uv": [14.125, 2.625, 14.25, 3.75], "texture": "#2"},
				"south": {"uv": [14.125, 2.625, 14.25, 3.75], "texture": "#2"},
				"west": {"uv": [14.125, 2.625, 14.25, 3.75], "texture": "#2"},
				"up": {"uv": [14.125, 2.75, 14.25, 2.625], "texture": "#2"},
				"down": {"uv": [14.125, 3.75, 14.25, 3.625], "texture": "#2"}
			}
		},
		{
			"from": [6.725, 6, 7.35],
			"to": [6.85, 6.625, 7.675],
			"rotation": {"angle": 0, "axis": "y", "origin": [1.15, 0.425, 0.05]},
			"faces": {
				"north": {"uv": [14.125, 3.125, 14, 3.75], "texture": "#2"},
				"east": {"uv": [14, 3.125, 14.125, 3.75], "texture": "#2"},
				"south": {"uv": [14, 3.125, 14.125, 3.75], "texture": "#2"},
				"west": {"uv": [14, 3.125, 14.125, 3.75], "texture": "#2"},
				"up": {"uv": [14, 3.25, 14.125, 3.125], "texture": "#2"},
				"down": {"uv": [14, 3.75, 14.125, 3.625], "texture": "#2"}
			}
		},
		{
			"from": [6.975, 6, 7.3],
			"to": [7.1, 7.625, 7.725],
			"rotation": {"angle": 0, "axis": "y", "origin": [1.625, 0.425, 0]},
			"faces": {
				"north": {"uv": [14.375, 2.125, 14.25, 3.75], "texture": "#2"},
				"east": {"uv": [14.25, 2.125, 14.375, 3.75], "texture": "#2"},
				"south": {"uv": [14.25, 2.125, 14.375, 3.75], "texture": "#2"},
				"west": {"uv": [14.25, 2.125, 14.375, 3.75], "texture": "#2"},
				"up": {"uv": [14.25, 2.25, 14.375, 2.125], "texture": "#2"},
				"down": {"uv": [14.25, 3.75, 14.375, 3.625], "texture": "#2"}
			}
		},
		{
			"from": [7.1, 6, 7.3],
			"to": [7.225, 8, 7.725],
			"rotation": {"angle": 0, "axis": "y", "origin": [1.875, 0.425, 0]},
			"faces": {
				"north": {"uv": [14.5, 1.75, 14.375, 3.75], "texture": "#2"},
				"east": {"uv": [14.375, 1.75, 14.5, 3.75], "texture": "#2"},
				"south": {"uv": [14.375, 1.75, 14.5, 3.75], "texture": "#2"},
				"west": {"uv": [14.375, 1.75, 14.5, 3.75], "texture": "#2"},
				"up": {"uv": [14.375, 1.875, 14.5, 1.75], "texture": "#2"},
				"down": {"uv": [14.375, 3.75, 14.5, 3.625], "texture": "#2"}
			}
		},
		{
			"from": [7.225, 6, 7.3],
			"to": [7.35, 8.375, 7.725],
			"rotation": {"angle": 0, "axis": "y", "origin": [2.125, 0.425, 0]},
			"faces": {
				"north": {"uv": [14.625, 1.375, 14.5, 3.75], "texture": "#2"},
				"east": {"uv": [14.5, 1.375, 14.625, 3.75], "texture": "#2"},
				"south": {"uv": [14.5, 1.375, 14.625, 3.75], "texture": "#2"},
				"west": {"uv": [14.5, 1.375, 14.625, 3.75], "texture": "#2"},
				"up": {"uv": [14.5, 1.5, 14.625, 1.375], "texture": "#2"},
				"down": {"uv": [14.5, 3.75, 14.625, 3.625], "texture": "#2"}
			}
		},
		{
			"from": [7.35, 6, 7.3],
			"to": [7.475, 8.625, 7.725],
			"rotation": {"angle": 0, "axis": "y", "origin": [2.375, 0.425, 0]},
			"faces": {
				"north": {"uv": [14.75, 1.125, 14.625, 3.75], "texture": "#2"},
				"east": {"uv": [14.625, 1.125, 14.75, 3.75], "texture": "#2"},
				"south": {"uv": [14.625, 1.125, 14.75, 3.75], "texture": "#2"},
				"west": {"uv": [14.625, 1.125, 14.75, 3.75], "texture": "#2"},
				"up": {"uv": [14.625, 1.25, 14.75, 1.125], "texture": "#2"},
				"down": {"uv": [14.625, 3.75, 14.75, 3.625], "texture": "#2"}
			}
		},
		{
			"from": [7.475, 6, 7.3],
			"to": [7.6, 8.875, 7.725],
			"rotation": {"angle": 0, "axis": "y", "origin": [2.625, 0.425, 0]},
			"faces": {
				"north": {"uv": [14.875, 0.875, 14.75, 3.75], "texture": "#2"},
				"east": {"uv": [14.75, 0.875, 14.875, 3.75], "texture": "#2"},
				"south": {"uv": [14.75, 0.875, 14.875, 3.75], "texture": "#2"},
				"west": {"uv": [14.75, 0.875, 14.875, 3.75], "texture": "#2"},
				"up": {"uv": [14.75, 1, 14.875, 0.875], "texture": "#2"},
				"down": {"uv": [14.75, 3.75, 14.875, 3.625], "texture": "#2"}
			}
		},
		{
			"from": [7.6, 6, 7.35],
			"to": [7.725, 9, 7.675],
			"rotation": {"angle": 0, "axis": "y", "origin": [2.875, 0.425, 0]},
			"faces": {
				"north": {"uv": [15, 0.75, 14.875, 3.75], "texture": "#2"},
				"east": {"uv": [14.875, 0.75, 15, 3.75], "texture": "#2"},
				"south": {"uv": [14.875, 0.75, 15, 3.75], "texture": "#2"},
				"west": {"uv": [14.875, 0.75, 15, 3.75], "texture": "#2"},
				"up": {"uv": [14.875, 0.875, 15, 0.75], "texture": "#2"},
				"down": {"uv": [14.875, 3.75, 15, 3.625], "texture": "#2"}
			}
		},
		{
			"from": [7.725, 6, 7.35],
			"to": [7.85, 9.125, 7.675],
			"rotation": {"angle": 0, "axis": "y", "origin": [3.125, 0.425, 0]},
			"faces": {
				"north": {"uv": [15.125, 0.625, 15, 3.75], "texture": "#2"},
				"east": {"uv": [15, 0.625, 15.125, 3.75], "texture": "#2"},
				"south": {"uv": [15, 0.625, 15.125, 3.75], "texture": "#2"},
				"west": {"uv": [15, 0.625, 15.125, 3.75], "texture": "#2"},
				"up": {"uv": [15, 0.75, 15.125, 0.625], "texture": "#2"},
				"down": {"uv": [15, 3.75, 15.125, 3.625], "texture": "#2"}
			}
		},
		{
			"from": [6.85, 6, 7.375],
			"to": [6.975, 7.875, 7.65],
			"rotation": {"angle": 0, "axis": "y", "origin": [1.375, 0.425, 0]},
			"faces": {
				"north": {"uv": [14.25, 1.875, 14.125, 3.75], "texture": "#2"},
				"east": {"uv": [14.125, 1.875, 14.25, 3.75], "texture": "#2"},
				"south": {"uv": [14.125, 1.875, 14.25, 3.75], "texture": "#2"},
				"west": {"uv": [14.125, 1.875, 14.25, 3.75], "texture": "#2"},
				"up": {"uv": [14.125, 2, 14.25, 1.875], "texture": "#2"},
				"down": {"uv": [14.125, 3.75, 14.25, 3.625], "texture": "#2"}
			}
		},
		{
			"from": [6.725, 6.625, 7.375],
			"to": [6.85, 8.125, 7.65],
			"rotation": {"angle": 0, "axis": "y", "origin": [1.125, 0.425, 0]},
			"faces": {
				"north": {"uv": [14.125, 1.625, 14, 3.125], "texture": "#2"},
				"east": {"uv": [14, 1.625, 14.125, 3.125], "texture": "#2"},
				"south": {"uv": [14, 1.625, 14.125, 3.125], "texture": "#2"},
				"west": {"uv": [14, 1.625, 14.125, 3.125], "texture": "#2"},
				"up": {"uv": [14, 1.75, 14.125, 1.625], "texture": "#2"},
				"down": {"uv": [14, 3.125, 14.125, 3], "texture": "#2"}
			}
		},
		{
			"from": [6.6, 6, 7.425],
			"to": [6.725, 8.375, 7.6],
			"rotation": {"angle": 0, "axis": "y", "origin": [0.875, 0.425, 0]},
			"faces": {
				"north": {"uv": [14, 1.375, 13.875, 3.75], "texture": "#2"},
				"east": {"uv": [13.875, 1.375, 14, 3.75], "texture": "#2"},
				"south": {"uv": [13.875, 1.375, 14, 3.75], "texture": "#2"},
				"west": {"uv": [13.875, 1.375, 14, 3.75], "texture": "#2"},
				"up": {"uv": [13.875, 1.5, 14, 1.375], "texture": "#2"},
				"down": {"uv": [13.875, 3.75, 14, 3.625], "texture": "#2"}
			}
		},
		{
			"from": [6.475, 6, 7.425],
			"to": [6.6, 8.5, 7.6],
			"rotation": {"angle": 0, "axis": "y", "origin": [0.625, 0.425, 0]},
			"faces": {
				"north": {"uv": [13.875, 1.25, 13.75, 3.75], "texture": "#2"},
				"east": {"uv": [13.75, 1.25, 13.875, 3.75], "texture": "#2"},
				"south": {"uv": [13.75, 1.25, 13.875, 3.75], "texture": "#2"},
				"west": {"uv": [13.75, 1.25, 13.875, 3.75], "texture": "#2"},
				"up": {"uv": [13.75, 1.375, 13.875, 1.25], "texture": "#2"},
				"down": {"uv": [13.75, 3.75, 13.875, 3.625], "texture": "#2"}
			}
		},
		{
			"from": [7.15, -0.9, 7.125],
			"to": [7.725, -0.325, 7.9],
			"rotation": {"angle": 0, "axis": "y", "origin": [-0.325, -1.85, 0]},
			"faces": {
				"north": {"uv": [14.75, 15.125, 14.125, 15.875], "texture": "#2"},
				"east": {"uv": [14.625, 15.125, 14.75, 15.875], "texture": "#2"},
				"south": {"uv": [14.125, 15.125, 14.75, 15.875], "texture": "#2"},
				"west": {"uv": [14.125, 15.125, 14.25, 15.875], "texture": "#2"},
				"up": {"uv": [14.125, 15.125, 14.75, 15.25], "texture": "#2"},
				"down": {"uv": [14.125, 15.75, 14.75, 15.875], "texture": "#2"}
			}
		},
		{
			"from": [6.9, -0.9, 7.3],
			"to": [7.975, -0.325, 7.725],
			"rotation": {"angle": 0, "axis": "y", "origin": [-0.325, -1.85, 0]},
			"faces": {
				"north": {"uv": [15, 15.125, 13.875, 15.875], "texture": "#2"},
				"east": {"uv": [14.875, 15.125, 15, 15.875], "texture": "#2"},
				"south": {"uv": [13.875, 15.125, 15, 15.875], "texture": "#2"},
				"west": {"uv": [13.875, 15.125, 14, 15.875], "texture": "#2"},
				"up": {"uv": [13.875, 15.125, 15, 15.25], "texture": "#2"},
				"down": {"uv": [13.875, 15.75, 15, 15.875], "texture": "#2"}
			}
		},
		{
			"from": [7, -1.025, 7.3],
			"to": [7.875, -0.9, 7.725],
			"rotation": {"angle": 0, "axis": "y", "origin": [-0.325, -2.175, 0]},
			"faces": {
				"north": {"uv": [14.875, 15.875, 14, 16], "texture": "#2"},
				"east": {"uv": [14.75, 15.875, 14.875, 16], "texture": "#2"},
				"south": {"uv": [14, 15.875, 14.875, 16], "texture": "#2"},
				"west": {"uv": [14, 15.875, 14.125, 16], "texture": "#2"},
				"up": {"uv": [14, 15.875, 14.875, 16], "texture": "#2"},
				"down": {"uv": [14, 15.875, 14.875, 16], "texture": "#2"}
			}
		},
		{
			"from": [6.975, 1.725, 7.225],
			"to": [7.55, 3.725, 7.8],
			"rotation": {"angle": 0, "axis": "y", "origin": [0.5, -3.4, 0]},
			"faces": {
				"north": {"uv": [14.375, 10.75, 13.75, 13], "texture": "#2"},
				"east": {"uv": [14.25, 10.75, 14.375, 13], "texture": "#2"},
				"south": {"uv": [13.75, 10.75, 14.375, 13], "texture": "#2"},
				"west": {"uv": [13.75, 10.75, 13.875, 13], "texture": "#2"},
				"up": {"uv": [13.75, 10.75, 14.375, 10.875], "texture": "#2"},
				"down": {"uv": [13.75, 12.875, 14.375, 13], "texture": "#2"}
			}
		},
		{
			"from": [6.875, 3.725, 7.225],
			"to": [7.45, 5.725, 7.8],
			"rotation": {"angle": 0, "axis": "y", "origin": [0.35, -1.1, 0]},
			"faces": {
				"north": {"uv": [14.25, 8.5, 13.625, 10.75], "texture": "#2"},
				"east": {"uv": [14.125, 8.5, 14.25, 10.75], "texture": "#2"},
				"south": {"uv": [13.625, 8.5, 14.25, 10.75], "texture": "#2"},
				"west": {"uv": [13.625, 8.5, 13.75, 10.75], "texture": "#2"},
				"up": {"uv": [13.625, 8.5, 14.25, 8.625], "texture": "#2"},
				"down": {"uv": [13.625, 10.625, 14.25, 10.75], "texture": "#2"}
			}
		},
		{
			"from": [7.15, -0.325, 7.225],
			"to": [7.725, 0.45, 7.8],
			"rotation": {"angle": 0, "axis": "y", "origin": [0.6, -6.425, 0]},
			"faces": {
				"north": {"uv": [14.625, 14.375, 14, 15.125], "texture": "#2"},
				"east": {"uv": [14.5, 14.375, 14.625, 15.125], "texture": "#2"},
				"south": {"uv": [14, 14.375, 14.625, 15.125], "texture": "#2"},
				"west": {"uv": [14, 14.375, 14.125, 15.125], "texture": "#2"},
				"up": {"uv": [14, 14.375, 14.625, 14.5], "texture": "#2"},
				"down": {"uv": [14, 15, 14.625, 15.125], "texture": "#2"}
			}
		},
		{
			"from": [7.05, 0.45, 7.225],
			"to": [7.625, 1.725, 7.8],
			"rotation": {"angle": 0, "axis": "y", "origin": [0.6, -5.2, 0]},
			"faces": {
				"north": {"uv": [14.5, 13, 13.875, 14.375], "texture": "#2"},
				"east": {"uv": [14.375, 13, 14.5, 14.375], "texture": "#2"},
				"south": {"uv": [13.875, 13, 14.5, 14.375], "texture": "#2"},
				"west": {"uv": [13.875, 13, 14, 14.375], "texture": "#2"},
				"up": {"uv": [13.875, 13, 14.5, 13.125], "texture": "#2"},
				"down": {"uv": [13.875, 14.25, 14.5, 14.375], "texture": "#2"}
			}
		},
		{
			"from": [6.925, -0.325, 7.35],
			"to": [7.95, 0.45, 7.675],
			"rotation": {"angle": 0, "axis": "y", "origin": [0.425, -6.45, 0]},
			"faces": {
				"north": {"uv": [14.875, 14.375, 13.75, 15.125], "texture": "#2"},
				"east": {"uv": [14.75, 14.375, 14.875, 15.125], "texture": "#2"},
				"south": {"uv": [13.75, 14.375, 14.875, 15.125], "texture": "#2"},
				"west": {"uv": [13.75, 14.375, 13.875, 15.125], "texture": "#2"},
				"up": {"uv": [13.75, 14.375, 14.875, 14.5], "texture": "#2"},
				"down": {"uv": [13.75, 15, 14.875, 15.125], "texture": "#2"}
			}
		},
		{
			"from": [6.65, 3.725, 7.35],
			"to": [7.675, 5.725, 7.675],
			"rotation": {"angle": 0, "axis": "y", "origin": [0.175, -1.225, 0]},
			"faces": {
				"north": {"uv": [14.5, 8.5, 13.375, 10.75], "texture": "#2"},
				"east": {"uv": [14.375, 8.5, 14.5, 10.75], "texture": "#2"},
				"south": {"uv": [13.375, 8.5, 14.5, 10.75], "texture": "#2"},
				"west": {"uv": [13.375, 8.5, 13.5, 10.75], "texture": "#2"},
				"up": {"uv": [13.375, 8.5, 14.5, 8.625], "texture": "#2"},
				"down": {"uv": [13.375, 10.625, 14.5, 10.75], "texture": "#2"}
			}
		},
		{
			"from": [6.75, 1.725, 7.35],
			"to": [7.775, 3.725, 7.675],
			"rotation": {"angle": 0, "axis": "y", "origin": [0.325, -3.15, 0]},
			"faces": {
				"north": {"uv": [14.625, 10.75, 13.5, 13], "texture": "#2"},
				"east": {"uv": [14.5, 10.75, 14.625, 13], "texture": "#2"},
				"south": {"uv": [13.5, 10.75, 14.625, 13], "texture": "#2"},
				"west": {"uv": [13.5, 10.75, 13.625, 13], "texture": "#2"},
				"up": {"uv": [13.5, 10.75, 14.625, 10.875], "texture": "#2"},
				"down": {"uv": [13.5, 12.875, 14.625, 13], "texture": "#2"}
			}
		},
		{
			"from": [6.825, 0.45, 7.35],
			"to": [7.85, 1.725, 7.675],
			"rotation": {"angle": 0, "axis": "y", "origin": [0.425, -5.2, 0]},
			"faces": {
				"north": {"uv": [14.75, 13, 13.625, 14.375], "texture": "#2"},
				"east": {"uv": [14.625, 13, 14.75, 14.375], "texture": "#2"},
				"south": {"uv": [13.625, 13, 14.75, 14.375], "texture": "#2"},
				"west": {"uv": [13.625, 13, 13.75, 14.375], "texture": "#2"},
				"up": {"uv": [13.625, 13, 14.75, 13.125], "texture": "#2"},
				"down": {"uv": [13.625, 14.25, 14.75, 14.375], "texture": "#2"}
			}
		},
		{
			"from": [8.225, 20.75, 7.45],
			"to": [8.6, 21.125, 7.575],
			"rotation": {"angle": 0, "axis": "y", "origin": [-0.675, -1.45, 0]},
			"faces": {
				"north": {"uv": [12.125, 2.5, 11.75, 2.875], "texture": "#2"},
				"east": {"uv": [12, 2.5, 12.125, 2.875], "texture": "#2"},
				"south": {"uv": [11.75, 2.5, 12.125, 2.875], "texture": "#2"},
				"west": {"uv": [11.75, 2.5, 11.875, 2.875], "texture": "#2"},
				"up": {"uv": [11.75, 2.625, 12.125, 2.5], "texture": "#2"},
				"down": {"uv": [11.75, 2.875, 12.125, 2.75], "texture": "#2"}
			}
		},
		{
			"from": [8.35, 21.125, 7.45],
			"to": [8.725, 21.375, 7.575],
			"rotation": {"angle": 0, "axis": "y", "origin": [-0.675, -1.45, 0]},
			"faces": {
				"north": {"uv": [12.25, 2.25, 11.875, 2.5], "texture": "#2"},
				"east": {"uv": [12.125, 2.25, 12.25, 2.5], "texture": "#2"},
				"south": {"uv": [11.875, 2.25, 12.25, 2.5], "texture": "#2"},
				"west": {"uv": [11.875, 2.25, 12, 2.5], "texture": "#2"},
				"up": {"uv": [11.875, 2.375, 12.25, 2.25], "texture": "#2"},
				"down": {"uv": [11.875, 2.5, 12.25, 2.375], "texture": "#2"}
			}
		},
		{
			"from": [9.725, 22.25, 7.45],
			"to": [9.85, 22.5, 7.575],
			"rotation": {"angle": 0, "axis": "y", "origin": [-0.8, -1.325, 0]},
			"faces": {
				"north": {"uv": [13.375, 1.125, 13.25, 1.375], "texture": "#2"},
				"east": {"uv": [13.25, 1.125, 13.375, 1.375], "texture": "#2"},
				"south": {"uv": [13.25, 1.125, 13.375, 1.375], "texture": "#2"},
				"west": {"uv": [13.25, 1.125, 13.375, 1.375], "texture": "#2"},
				"up": {"uv": [13.25, 1.25, 13.375, 1.125], "texture": "#2"},
				"down": {"uv": [13.25, 1.375, 13.375, 1.25], "texture": "#2"}
			}
		},
		{
			"from": [9.6, 22.125, 7.45],
			"to": [9.725, 22.5, 7.575],
			"rotation": {"angle": 0, "axis": "y", "origin": [-0.925, -1.325, 0]},
			"faces": {
				"north": {"uv": [13.25, 1.125, 13.125, 1.5], "texture": "#2"},
				"east": {"uv": [13.125, 1.125, 13.25, 1.5], "texture": "#2"},
				"south": {"uv": [13.125, 1.125, 13.25, 1.5], "texture": "#2"},
				"west": {"uv": [13.125, 1.125, 13.25, 1.375], "texture": "#2"},
				"up": {"uv": [13.125, 1.25, 13.25, 1.125], "texture": "#2"},
				"down": {"uv": [13.125, 1.5, 13.25, 1.375], "texture": "#2"}
			}
		},
		{
			"from": [9.35, 22, 7.45],
			"to": [9.6, 22.375, 7.575],
			"rotation": {"angle": 0, "axis": "y", "origin": [-0.8, -1.325, 0]},
			"faces": {
				"north": {"uv": [13.125, 1.25, 12.875, 1.625], "texture": "#2"},
				"east": {"uv": [13, 1.25, 13.125, 1.625], "texture": "#2"},
				"south": {"uv": [12.875, 1.25, 13.125, 1.625], "texture": "#2"},
				"west": {"uv": [12.875, 1.25, 13, 1.625], "texture": "#2"},
				"up": {"uv": [12.875, 1.375, 13.125, 1.25], "texture": "#2"},
				"down": {"uv": [12.875, 1.625, 13.125, 1.5], "texture": "#2"}
			}
		},
		{
			"from": [9.1, 21.875, 7.45],
			"to": [9.35, 22.25, 7.575],
			"rotation": {"angle": 0, "axis": "y", "origin": [-0.8, -1.325, 0]},
			"faces": {
				"north": {"uv": [12.875, 1.375, 12.625, 1.75], "texture": "#2"},
				"east": {"uv": [12.75, 1.375, 12.875, 1.75], "texture": "#2"},
				"south": {"uv": [12.625, 1.375, 12.875, 1.75], "texture": "#2"},
				"west": {"uv": [12.625, 1.375, 12.75, 1.75], "texture": "#2"},
				"up": {"uv": [12.625, 1.5, 12.875, 1.375], "texture": "#2"},
				"down": {"uv": [12.625, 1.75, 12.875, 1.625], "texture": "#2"}
			}
		},
		{
			"from": [8.85, 21.85, 7.45],
			"to": [9.1, 21.975, 7.575],
			"rotation": {"angle": 0, "axis": "y", "origin": [-0.55, -1.225, 0]},
			"faces": {
				"north": {"uv": [12.625, 1.625, 12.375, 1.75], "texture": "#2"},
				"east": {"uv": [12.5, 1.625, 12.625, 1.75], "texture": "#2"},
				"south": {"uv": [12.375, 1.625, 12.625, 1.75], "texture": "#2"},
				"west": {"uv": [12.375, 1.625, 12.5, 1.75], "texture": "#2"},
				"up": {"uv": [12.375, 1.75, 12.625, 1.625], "texture": "#2"},
				"down": {"uv": [12.375, 1.75, 12.625, 1.625], "texture": "#2"}
			}
		},
		{
			"from": [8.6, 21.625, 7.45],
			"to": [8.975, 21.75, 7.575],
			"rotation": {"angle": 0, "axis": "y", "origin": [-0.8, -1.45, 0]},
			"faces": {
				"north": {"uv": [12.5, 1.875, 12.125, 2], "texture": "#2"},
				"east": {"uv": [12.375, 1.875, 12.5, 2], "texture": "#2"},
				"south": {"uv": [12.125, 1.875, 12.5, 2], "texture": "#2"},
				"west": {"uv": [12.125, 1.875, 12.25, 2], "texture": "#2"},
				"up": {"uv": [12.125, 2, 12.5, 1.875], "texture": "#2"},
				"down": {"uv": [12.125, 2, 12.5, 1.875], "texture": "#2"}
			}
		},
		{
			"from": [8.725, 21.75, 7.45],
			"to": [9.1, 21.875, 7.575],
			"rotation": {"angle": 0, "axis": "y", "origin": [-0.675, -1.325, 0]},
			"faces": {
				"north": {"uv": [12.625, 1.75, 12.25, 1.875], "texture": "#2"},
				"east": {"uv": [12.5, 1.75, 12.625, 1.875], "texture": "#2"},
				"south": {"uv": [12.25, 1.75, 12.625, 1.875], "texture": "#2"},
				"west": {"uv": [12.25, 1.75, 12.375, 1.875], "texture": "#2"},
				"up": {"uv": [12.25, 1.875, 12.625, 1.75], "texture": "#2"},
				"down": {"uv": [12.25, 1.875, 12.625, 1.75], "texture": "#2"}
			}
		},
		{
			"from": [8.975, 21.975, 7.45],
			"to": [9.1, 22.1, 7.575],
			"rotation": {"angle": 0, "axis": "y", "origin": [-0.3, -1.1, 0]},
			"faces": {
				"north": {"uv": [12.625, 1.5, 12.5, 1.625], "texture": "#2"},
				"east": {"uv": [12.5, 1.5, 12.625, 1.625], "texture": "#2"},
				"south": {"uv": [12.5, 1.5, 12.625, 1.625], "texture": "#2"},
				"west": {"uv": [12.5, 1.5, 12.625, 1.625], "texture": "#2"},
				"up": {"uv": [12.5, 1.625, 12.625, 1.5], "texture": "#2"},
				"down": {"uv": [12.5, 1.625, 12.625, 1.5], "texture": "#2"}
			}
		},
		{
			"from": [8.475, 21.375, 7.45],
			"to": [8.85, 21.625, 7.575],
			"rotation": {"angle": 0, "axis": "y", "origin": [-0.675, -1.45, 0]},
			"faces": {
				"north": {"uv": [12.375, 2, 12, 2.25], "texture": "#2"},
				"east": {"uv": [12.25, 2, 12.375, 2.25], "texture": "#2"},
				"south": {"uv": [12, 2, 12.375, 2.25], "texture": "#2"},
				"west": {"uv": [12, 2, 12.125, 2.25], "texture": "#2"},
				"up": {"uv": [12, 2.125, 12.375, 2], "texture": "#2"},
				"down": {"uv": [12, 2.25, 12.375, 2.125], "texture": "#2"}
			}
		},
		{
			"from": [8.1, 20.375, 7.45],
			"to": [8.475, 20.75, 7.575],
			"rotation": {"angle": 0, "axis": "y", "origin": [-0.675, -1.45, 0]},
			"faces": {
				"north": {"uv": [12, 2.875, 11.625, 3.25], "texture": "#2"},
				"east": {"uv": [11.875, 2.875, 12, 3.25], "texture": "#2"},
				"south": {"uv": [11.625, 2.875, 12, 3.25], "texture": "#2"},
				"west": {"uv": [11.625, 2.875, 11.75, 3.25], "texture": "#2"},
				"up": {"uv": [11.625, 3, 12, 2.875], "texture": "#2"},
				"down": {"uv": [11.625, 3.25, 12, 3.125], "texture": "#2"}
			}
		},
		{
			"from": [7.975, 20, 7.45],
			"to": [8.35, 20.375, 7.575],
			"rotation": {"angle": 0, "axis": "y", "origin": [-0.8, -1.825, 0]},
			"faces": {
				"north": {"uv": [11.875, 3.25, 11.5, 3.625], "texture": "#2"},
				"east": {"uv": [11.75, 3.25, 11.875, 3.625], "texture": "#2"},
				"south": {"uv": [11.5, 3.25, 11.875, 3.625], "texture": "#2"},
				"west": {"uv": [11.5, 3.25, 11.625, 3.625], "texture": "#2"},
				"up": {"uv": [11.5, 3.375, 11.875, 3.25], "texture": "#2"},
				"down": {"uv": [11.5, 3.625, 11.875, 3.5], "texture": "#2"}
			}
		},
		{
			"from": [7.725, 19, 7.45],
			"to": [8.1, 19.5, 7.575],
			"rotation": {"angle": 0, "axis": "y", "origin": [-0.8, -1.825, 0]},
			"faces": {
				"north": {"uv": [11.625, 4.125, 11.25, 4.625], "texture": "#2"},
				"east": {"uv": [11.5, 4.125, 11.625, 4.625], "texture": "#2"},
				"south": {"uv": [11.25, 4.125, 11.625, 4.625], "texture": "#2"},
				"west": {"uv": [11.25, 4.125, 11.375, 4.625], "texture": "#2"},
				"up": {"uv": [11.25, 4.25, 11.625, 4.125], "texture": "#2"},
				"down": {"uv": [11.25, 4.625, 11.625, 4.5], "texture": "#2"}
			}
		},
		{
			"from": [7.85, 19.5, 7.45],
			"to": [8.225, 20, 7.575],
			"rotation": {"angle": 0, "axis": "y", "origin": [-0.675, -1.325, 0]},
			"faces": {
				"north": {"uv": [11.75, 3.625, 11.375, 4.125], "texture": "#2"},
				"east": {"uv": [11.625, 3.625, 11.75, 4.125], "texture": "#2"},
				"south": {"uv": [11.375, 3.625, 11.75, 4.125], "texture": "#2"},
				"west": {"uv": [11.375, 3.625, 11.5, 4.125], "texture": "#2"},
				"up": {"uv": [11.375, 3.75, 11.75, 3.625], "texture": "#2"},
				"down": {"uv": [11.375, 4.125, 11.75, 4], "texture": "#2"}
			}
		},
		{
			"from": [7.6, 18.375, 7.45],
			"to": [7.975, 19, 7.575],
			"rotation": {"angle": 0, "axis": "y", "origin": [-0.8, -1.825, 0]},
			"faces": {
				"north": {"uv": [11.5, 4.625, 11.125, 5.25], "texture": "#2"},
				"east": {"uv": [11.375, 4.625, 11.5, 5.25], "texture": "#2"},
				"south": {"uv": [11.125, 4.625, 11.5, 5.25], "texture": "#2"},
				"west": {"uv": [11.125, 4.625, 11.25, 5.25], "texture": "#2"},
				"up": {"uv": [11.125, 4.75, 11.5, 4.625], "texture": "#2"},
				"down": {"uv": [11.125, 5.25, 11.5, 5.125], "texture": "#2"}
			}
		},
		{
			"from": [7.475, 17.75, 7.45],
			"to": [7.85, 18.375, 7.575],
			"rotation": {"angle": 0, "axis": "y", "origin": [-0.8, -1.825, 0]},
			"faces": {
				"north": {"uv": [11.375, 5.25, 11, 5.875], "texture": "#2"},
				"east": {"uv": [11.25, 5.25, 11.375, 5.875], "texture": "#2"},
				"south": {"uv": [11, 5.25, 11.375, 5.875], "texture": "#2"},
				"west": {"uv": [11, 5.25, 11.125, 5.875], "texture": "#2"},
				"up": {"uv": [11, 5.375, 11.375, 5.25], "texture": "#2"},
				"down": {"uv": [11, 5.875, 11.375, 5.75], "texture": "#2"}
			}
		},
		{
			"from": [7.35, 17, 7.45],
			"to": [7.725, 17.75, 7.575],
			"rotation": {"angle": 0, "axis": "y", "origin": [-0.55, -0.575, 0]},
			"faces": {
				"north": {"uv": [11.25, 5.875, 10.875, 6.625], "texture": "#2"},
				"east": {"uv": [11.125, 5.875, 11.25, 6.625], "texture": "#2"},
				"south": {"uv": [10.875, 5.875, 11.25, 6.625], "texture": "#2"},
				"west": {"uv": [10.875, 5.875, 11, 6.625], "texture": "#2"},
				"up": {"uv": [10.875, 6, 11.25, 5.875], "texture": "#2"},
				"down": {"uv": [10.875, 6.625, 11.25, 6.5], "texture": "#2"}
			}
		},
		{
			"from": [7.225, 16.125, 7.45],
			"to": [7.6, 17, 7.575],
			"rotation": {"angle": 0, "axis": "y", "origin": [-0.55, -0.575, 0]},
			"faces": {
				"north": {"uv": [11.125, 6.625, 10.75, 7.5], "texture": "#2"},
				"east": {"uv": [11, 6.625, 11.125, 7.5], "texture": "#2"},
				"south": {"uv": [10.75, 6.625, 11.125, 7.5], "texture": "#2"},
				"west": {"uv": [10.75, 6.625, 10.875, 7.5], "texture": "#2"},
				"up": {"uv": [10.75, 6.75, 11.125, 6.625], "texture": "#2"},
				"down": {"uv": [10.75, 7.5, 11.125, 7.375], "texture": "#2"}
			}
		},
		{
			"from": [7.1, 15.125, 7.45],
			"to": [7.475, 16.125, 7.575],
			"rotation": {"angle": 0, "axis": "y", "origin": [-0.55, -0.575, 0]},
			"faces": {
				"north": {"uv": [11, 7.5, 10.625, 8.5], "texture": "#2"},
				"east": {"uv": [10.875, 7.5, 11, 8.5], "texture": "#2"},
				"south": {"uv": [10.625, 7.5, 11, 8.5], "texture": "#2"},
				"west": {"uv": [10.625, 7.5, 10.75, 8.5], "texture": "#2"},
				"up": {"uv": [10.625, 7.625, 11, 7.5], "texture": "#2"},
				"down": {"uv": [10.625, 8.5, 11, 8.375], "texture": "#2"}
			}
		},
		{
			"from": [7.35, 14, 7.375],
			"to": [8.1, 15.125, 7.65],
			"rotation": {"angle": 0, "axis": "y", "origin": [-0.8, -1.575, 0]},
			"faces": {
				"north": {"uv": [11.625, 8.5, 10.875, 9.625], "texture": "#2"},
				"east": {"uv": [11.5, 8.5, 11.625, 9.625], "texture": "#2"},
				"south": {"uv": [10.875, 8.5, 11.625, 9.625], "texture": "#2"},
				"west": {"uv": [10.875, 8.5, 11, 9.625], "texture": "#2"},
				"up": {"uv": [10.875, 8.625, 11.625, 8.5], "texture": "#2"},
				"down": {"uv": [10.875, 9.625, 11.625, 9.5], "texture": "#2"}
			}
		},
		{
			"from": [7.475, 15.125, 7.375],
			"to": [8.225, 16.125, 7.65],
			"rotation": {"angle": 0, "axis": "y", "origin": [-0.8, -1.45, 0]},
			"faces": {
				"north": {"uv": [11.75, 7.5, 11, 8.5], "texture": "#2"},
				"east": {"uv": [11.625, 7.5, 11.75, 8.5], "texture": "#2"},
				"south": {"uv": [11, 7.5, 11.75, 8.5], "texture": "#2"},
				"west": {"uv": [11, 7.5, 11.125, 8.5], "texture": "#2"},
				"up": {"uv": [11, 7.625, 11.75, 7.5], "texture": "#2"},
				"down": {"uv": [11, 8.5, 11.75, 8.375], "texture": "#2"}
			}
		},
		{
			"from": [8.225, 19.5, 7.375],
			"to": [8.975, 20, 7.65],
			"rotation": {"angle": 0, "axis": "y", "origin": [-0.8, -1.325, 0]},
			"faces": {
				"north": {"uv": [12.5, 3.625, 11.75, 4.125], "texture": "#2"},
				"east": {"uv": [12.375, 3.625, 12.5, 4.125], "texture": "#2"},
				"south": {"uv": [11.75, 3.625, 12.5, 4.125], "texture": "#2"},
				"west": {"uv": [11.75, 3.625, 11.875, 4.125], "texture": "#2"},
				"up": {"uv": [11.75, 3.75, 12.5, 3.625], "texture": "#2"},
				"down": {"uv": [11.75, 4.125, 12.5, 4], "texture": "#2"}
			}
		},
		{
			"from": [8.1, 19, 7.375],
			"to": [8.85, 19.5, 7.65],
			"rotation": {"angle": 0, "axis": "y", "origin": [-0.8, -1.325, 0]},
			"faces": {
				"north": {"uv": [12.375, 4.125, 11.625, 4.625], "texture": "#2"},
				"east": {"uv": [12.25, 4.125, 12.375, 4.625], "texture": "#2"},
				"south": {"uv": [11.625, 4.125, 12.375, 4.625], "texture": "#2"},
				"west": {"uv": [11.625, 4.125, 11.75, 4.625], "texture": "#2"},
				"up": {"uv": [11.625, 4.25, 12.375, 4.125], "texture": "#2"},
				"down": {"uv": [11.625, 4.625, 12.375, 4.5], "texture": "#2"}
			}
		},
		{
			"from": [7.725, 17, 7.375],
			"to": [8.475, 17.75, 7.65],
			"rotation": {"angle": 0, "axis": "y", "origin": [-0.8, -1.325, 0]},
			"faces": {
				"north": {"uv": [12, 5.875, 11.25, 6.625], "texture": "#2"},
				"east": {"uv": [11.875, 5.875, 12, 6.625], "texture": "#2"},
				"south": {"uv": [11.25, 5.875, 12, 6.625], "texture": "#2"},
				"west": {"uv": [11.25, 5.875, 11.375, 6.625], "texture": "#2"},
				"up": {"uv": [11.25, 6, 12, 5.875], "texture": "#2"},
				"down": {"uv": [11.25, 6.625, 12, 6.5], "texture": "#2"}
			}
		},
		{
			"from": [7.85, 17.75, 7.375],
			"to": [8.6, 18.375, 7.65],
			"rotation": {"angle": 0, "axis": "y", "origin": [-0.675, -0.575, 0]},
			"faces": {
				"north": {"uv": [12.125, 5.25, 11.375, 5.875], "texture": "#2"},
				"east": {"uv": [12, 5.25, 12.125, 5.875], "texture": "#2"},
				"south": {"uv": [11.375, 5.25, 12.125, 5.875], "texture": "#2"},
				"west": {"uv": [11.375, 5.25, 11.5, 5.875], "texture": "#2"},
				"up": {"uv": [11.375, 5.375, 12.125, 5.25], "texture": "#2"},
				"down": {"uv": [11.375, 5.875, 12.125, 5.75], "texture": "#2"}
			}
		},
		{
			"from": [7.975, 18.375, 7.375],
			"to": [8.725, 19, 7.65],
			"rotation": {"angle": 0, "axis": "y", "origin": [-0.55, 0.05, 0]},
			"faces": {
				"north": {"uv": [12.25, 4.625, 11.5, 5.25], "texture": "#2"},
				"east": {"uv": [12.125, 4.625, 12.25, 5.25], "texture": "#2"},
				"south": {"uv": [11.5, 4.625, 12.25, 5.25], "texture": "#2"},
				"west": {"uv": [11.5, 4.625, 11.625, 5.25], "texture": "#2"},
				"up": {"uv": [11.5, 4.75, 12.25, 4.625], "texture": "#2"},
				"down": {"uv": [11.5, 5.25, 12.25, 5.125], "texture": "#2"}
			}
		},
		{
			"from": [7.6, 16.125, 7.375],
			"to": [8.35, 17, 7.65],
			"rotation": {"angle": 0, "axis": "y", "origin": [-0.8, -1.45, 0]},
			"faces": {
				"north": {"uv": [11.875, 6.625, 11.125, 7.5], "texture": "#2"},
				"east": {"uv": [11.75, 6.625, 11.875, 7.5], "texture": "#2"},
				"south": {"uv": [11.125, 6.625, 11.875, 7.5], "texture": "#2"},
				"west": {"uv": [11.125, 6.625, 11.25, 7.5], "texture": "#2"},
				"up": {"uv": [11.125, 6.75, 11.875, 6.625], "texture": "#2"},
				"down": {"uv": [11.125, 7.5, 11.875, 7.375], "texture": "#2"}
			}
		},
		{
			"from": [8.475, 20.375, 7.375],
			"to": [9.1, 20.5, 7.65],
			"rotation": {"angle": 0, "axis": "y", "origin": [-0.925, -1.825, 0]},
			"faces": {
				"north": {"uv": [12.625, 3.125, 12, 3.25], "texture": "#2"},
				"east": {"uv": [12.5, 3.125, 12.625, 3.25], "texture": "#2"},
				"south": {"uv": [12, 3.125, 12.625, 3.25], "texture": "#2"},
				"west": {"uv": [12, 3.125, 12.125, 3.25], "texture": "#2"},
				"up": {"uv": [12, 3.25, 12.625, 3.125], "texture": "#2"},
				"down": {"uv": [12, 3.25, 12.625, 3.125], "texture": "#2"}
			}
		},
		{
			"from": [7.35, 13.875, 7.375],
			"to": [7.975, 14, 7.65],
			"rotation": {"angle": 0, "axis": "y", "origin": [-0.925, -2.825, 0]},
			"faces": {
				"north": {"uv": [11.5, 9.625, 10.875, 9.75], "texture": "#2"},
				"east": {"uv": [11.375, 9.625, 11.5, 9.75], "texture": "#2"},
				"south": {"uv": [10.875, 9.625, 11.5, 9.75], "texture": "#2"},
				"west": {"uv": [10.875, 9.625, 11, 9.75], "texture": "#2"},
				"up": {"uv": [10.875, 9.75, 11.5, 9.625], "texture": "#2"},
				"down": {"uv": [10.875, 9.75, 11.5, 9.625], "texture": "#2"}
			}
		},
		{
			"from": [8.35, 20, 7.375],
			"to": [9.1, 20.375, 7.65],
			"rotation": {"angle": 0, "axis": "y", "origin": [-0.925, -1.825, 0]},
			"faces": {
				"north": {"uv": [12.625, 3.25, 11.875, 3.625], "texture": "#2"},
				"east": {"uv": [12.5, 3.25, 12.625, 3.625], "texture": "#2"},
				"south": {"uv": [11.875, 3.25, 12.625, 3.625], "texture": "#2"},
				"west": {"uv": [11.875, 3.25, 12, 3.625], "texture": "#2"},
				"up": {"uv": [11.875, 3.375, 12.625, 3.25], "texture": "#2"},
				"down": {"uv": [11.875, 3.625, 12.625, 3.5], "texture": "#2"}
			}
		},
		{
			"from": [9.6, 22, 7.375],
			"to": [9.725, 22.125, 7.65],
			"rotation": {"angle": 0, "axis": "y", "origin": [-0.925, -1.325, 0]},
			"faces": {
				"north": {"uv": [13.25, 1.5, 13.125, 1.625], "texture": "#2"},
				"east": {"uv": [13.125, 1.5, 13.25, 1.625], "texture": "#2"},
				"south": {"uv": [13.125, 1.5, 13.25, 1.625], "texture": "#2"},
				"west": {"uv": [13.125, 1.5, 13.25, 1.625], "texture": "#2"},
				"up": {"uv": [13.125, 1.625, 13.25, 1.5], "texture": "#2"},
				"down": {"uv": [13.125, 1.625, 13.25, 1.5], "texture": "#2"}
			}
		},
		{
			"from": [9.35, 21.875, 7.375],
			"to": [9.6, 22, 7.65],
			"rotation": {"angle": 0, "axis": "y", "origin": [-0.925, -1.45, 0]},
			"faces": {
				"north": {"uv": [13.125, 1.625, 12.875, 1.75], "texture": "#2"},
				"east": {"uv": [13, 1.625, 13.125, 1.75], "texture": "#2"},
				"south": {"uv": [12.875, 1.625, 13.125, 1.75], "texture": "#2"},
				"west": {"uv": [12.875, 1.625, 13, 1.75], "texture": "#2"},
				"up": {"uv": [12.875, 1.75, 13.125, 1.625], "texture": "#2"},
				"down": {"uv": [12.875, 1.75, 13.125, 1.625], "texture": "#2"}
			}
		},
		{
			"from": [9.1, 21.75, 7.375],
			"to": [9.6, 21.875, 7.65],
			"rotation": {"angle": 0, "axis": "y", "origin": [-0.925, -1.575, 0]},
			"faces": {
				"north": {"uv": [13.125, 1.75, 12.625, 1.875], "texture": "#2"},
				"east": {"uv": [13, 1.75, 13.125, 1.875], "texture": "#2"},
				"south": {"uv": [12.625, 1.75, 13.125, 1.875], "texture": "#2"},
				"west": {"uv": [12.625, 1.75, 12.75, 1.875], "texture": "#2"},
				"up": {"uv": [12.625, 1.875, 13.125, 1.75], "texture": "#2"},
				"down": {"uv": [12.625, 1.875, 13.125, 1.75], "texture": "#2"}
			}
		},
		{
			"from": [8.975, 21.625, 7.375],
			"to": [9.6, 21.75, 7.65],
			"rotation": {"angle": 0, "axis": "y", "origin": [-0.925, -1.7, 0]},
			"faces": {
				"north": {"uv": [13.125, 1.875, 12.5, 2], "texture": "#2"},
				"east": {"uv": [13, 1.875, 13.125, 2], "texture": "#2"},
				"south": {"uv": [12.5, 1.875, 13.125, 2], "texture": "#2"},
				"west": {"uv": [12.5, 1.875, 12.625, 2], "texture": "#2"},
				"up": {"uv": [12.5, 2, 13.125, 1.875], "texture": "#2"},
				"down": {"uv": [12.5, 2, 13.125, 1.875], "texture": "#2"}
			}
		},
		{
			"from": [8.6, 20.75, 7.375],
			"to": [9.225, 20.875, 7.65],
			"rotation": {"angle": 0, "axis": "y", "origin": [-1.175, -2.325, 0]},
			"faces": {
				"north": {"uv": [12.75, 2.75, 12.125, 2.875], "texture": "#2"},
				"east": {"uv": [12.625, 2.75, 12.75, 2.875], "texture": "#2"},
				"south": {"uv": [12.125, 2.75, 12.75, 2.875], "texture": "#2"},
				"west": {"uv": [12.125, 2.75, 12.25, 2.875], "texture": "#2"},
				"up": {"uv": [12.125, 2.875, 12.75, 2.75], "texture": "#2"},
				"down": {"uv": [12.125, 2.875, 12.75, 2.75], "texture": "#2"}
			}
		},
		{
			"from": [8.6, 20.875, 7.375],
			"to": [9.35, 21.125, 7.65],
			"rotation": {"angle": 0, "axis": "y", "origin": [-0.8, -1.45, 0]},
			"faces": {
				"north": {"uv": [12.875, 2.5, 12.125, 2.75], "texture": "#2"},
				"east": {"uv": [12.75, 2.5, 12.875, 2.75], "texture": "#2"},
				"south": {"uv": [12.125, 2.5, 12.875, 2.75], "texture": "#2"},
				"west": {"uv": [12.125, 2.5, 12.25, 2.75], "texture": "#2"},
				"up": {"uv": [12.125, 2.625, 12.875, 2.5], "texture": "#2"},
				"down": {"uv": [12.125, 2.75, 12.875, 2.625], "texture": "#2"}
			}
		},
		{
			"from": [8.725, 21.125, 7.375],
			"to": [9.35, 21.25, 7.65],
			"rotation": {"angle": 0, "axis": "y", "origin": [-1.05, -1.95, 0]},
			"faces": {
				"north": {"uv": [12.875, 2.375, 12.25, 2.5], "texture": "#2"},
				"east": {"uv": [12.75, 2.375, 12.875, 2.5], "texture": "#2"},
				"south": {"uv": [12.25, 2.375, 12.875, 2.5], "texture": "#2"},
				"west": {"uv": [12.25, 2.375, 12.375, 2.5], "texture": "#2"},
				"up": {"uv": [12.25, 2.5, 12.875, 2.375], "texture": "#2"},
				"down": {"uv": [12.25, 2.5, 12.875, 2.375], "texture": "#2"}
			}
		},
		{
			"from": [8.725, 21.25, 7.375],
			"to": [9.475, 21.375, 7.65],
			"rotation": {"angle": 0, "axis": "y", "origin": [-1.05, -1.825, 0]},
			"faces": {
				"north": {"uv": [13, 2.25, 12.25, 2.375], "texture": "#2"},
				"east": {"uv": [12.875, 2.25, 13, 2.375], "texture": "#2"},
				"south": {"uv": [12.25, 2.25, 13, 2.375], "texture": "#2"},
				"west": {"uv": [12.25, 2.25, 12.375, 2.375], "texture": "#2"},
				"up": {"uv": [12.25, 2.375, 13, 2.25], "texture": "#2"},
				"down": {"uv": [12.25, 2.375, 13, 2.25], "texture": "#2"}
			}
		},
		{
			"from": [8.85, 21.375, 7.375],
			"to": [9.475, 21.625, 7.65],
			"rotation": {"angle": 0, "axis": "y", "origin": [-0.8, -1.45, 0]},
			"faces": {
				"north": {"uv": [13, 2, 12.375, 2.25], "texture": "#2"},
				"east": {"uv": [12.875, 2, 13, 2.25], "texture": "#2"},
				"south": {"uv": [12.375, 2, 13, 2.25], "texture": "#2"},
				"west": {"uv": [12.375, 2, 12.5, 2.25], "texture": "#2"},
				"up": {"uv": [12.375, 2.125, 13, 2], "texture": "#2"},
				"down": {"uv": [12.375, 2.25, 13, 2.125], "texture": "#2"}
			}
		},
		{
			"from": [8.475, 20.5, 7.375],
			"to": [9.225, 20.75, 7.65],
			"rotation": {"angle": 0, "axis": "y", "origin": [-0.925, -1.825, 0]},
			"faces": {
				"north": {"uv": [12.75, 2.875, 12, 3.125], "texture": "#2"},
				"east": {"uv": [12.625, 2.875, 12.75, 3.125], "texture": "#2"},
				"south": {"uv": [12, 2.875, 12.75, 3.125], "texture": "#2"},
				"west": {"uv": [12, 2.875, 12.125, 3.125], "texture": "#2"},
				"up": {"uv": [12, 3, 12.75, 2.875], "texture": "#2"},
				"down": {"uv": [12, 3.125, 12.75, 3], "texture": "#2"}
			}
		},
		{
			"from": [7.1, 11, 7.375],
			"to": [7.85, 12.375, 7.65],
			"rotation": {"angle": 0, "axis": "y", "origin": [-0.8, -1.95, 0]},
			"faces": {
				"north": {"uv": [11.375, 11.25, 10.625, 12.625], "texture": "#2"},
				"east": {"uv": [11.25, 11.25, 11.375, 12.625], "texture": "#2"},
				"south": {"uv": [10.625, 11.25, 11.375, 12.625], "texture": "#2"},
				"west": {"uv": [10.625, 11.25, 10.75, 12.625], "texture": "#2"},
				"up": {"uv": [10.625, 11.375, 11.375, 11.25], "texture": "#2"},
				"down": {"uv": [10.625, 12.625, 11.375, 12.5], "texture": "#2"}
			}
		},
		{
			"from": [6.85, 12.375, 7.45],
			"to": [7.225, 13.875, 7.575],
			"rotation": {"angle": 0, "axis": "y", "origin": [-0.55, -0.575, 0]},
			"faces": {
				"north": {"uv": [10.75, 9.75, 10.375, 11.25], "texture": "#2"},
				"east": {"uv": [10.625, 9.75, 10.75, 11.25], "texture": "#2"},
				"south": {"uv": [10.375, 9.75, 10.75, 11.25], "texture": "#2"},
				"west": {"uv": [10.375, 9.75, 10.5, 11.25], "texture": "#2"},
				"up": {"uv": [10.375, 9.875, 10.75, 9.75], "texture": "#2"},
				"down": {"uv": [10.375, 11.25, 10.75, 11.125], "texture": "#2"}
			}
		},
		{
			"from": [7.225, 12.625, 7.375],
			"to": [7.975, 13.875, 7.65],
			"rotation": {"angle": 0, "axis": "y", "origin": [-0.8, -1.825, 0]},
			"faces": {
				"north": {"uv": [11.5, 9.75, 10.75, 11], "texture": "#2"},
				"east": {"uv": [11.375, 9.75, 11.5, 11], "texture": "#2"},
				"south": {"uv": [10.75, 9.75, 11.5, 11], "texture": "#2"},
				"west": {"uv": [10.75, 9.75, 10.875, 11], "texture": "#2"},
				"up": {"uv": [10.75, 9.875, 11.5, 9.75], "texture": "#2"},
				"down": {"uv": [10.75, 11, 11.5, 10.875], "texture": "#2"}
			}
		},
		{
			"from": [6.975, 13.875, 7.45],
			"to": [7.35, 15.125, 7.575],
			"rotation": {"angle": 0, "axis": "y", "origin": [-0.55, -0.575, 0]},
			"faces": {
				"north": {"uv": [10.875, 8.5, 10.5, 9.75], "texture": "#2"},
				"east": {"uv": [10.75, 8.5, 10.875, 9.75], "texture": "#2"},
				"south": {"uv": [10.5, 8.5, 10.875, 9.75], "texture": "#2"},
				"west": {"uv": [10.5, 8.5, 10.625, 9.75], "texture": "#2"},
				"up": {"uv": [10.5, 8.625, 10.875, 8.5], "texture": "#2"},
				"down": {"uv": [10.5, 9.75, 10.875, 9.625], "texture": "#2"}
			}
		},
		{
			"from": [6.6, 7.625, 7.45],
			"to": [6.975, 10.625, 7.575],
			"rotation": {"angle": 0, "axis": "y", "origin": [-0.55, -0.7, 0]},
			"faces": {
				"north": {"uv": [10.5, 13, 10.125, 16], "texture": "#2"},
				"east": {"uv": [10.375, 13, 10.5, 16], "texture": "#2"},
				"south": {"uv": [10.125, 13, 10.5, 16], "texture": "#2"},
				"west": {"uv": [10.125, 13, 10.25, 16], "texture": "#2"},
				"up": {"uv": [10.125, 13.125, 10.5, 13], "texture": "#2"},
				"down": {"uv": [10.125, 16, 10.5, 15.875], "texture": "#2"}
			}
		},
		{
			"from": [6.975, 7.625, 7.375],
			"to": [7.725, 10.625, 7.65],
			"rotation": {"angle": 0, "axis": "y", "origin": [-0.675, 0.3, 0]},
			"faces": {
				"north": {"uv": [11.25, 13, 10.5, 16], "texture": "#2"},
				"east": {"uv": [11.125, 13, 11.25, 16], "texture": "#2"},
				"south": {"uv": [10.5, 13, 11.25, 16], "texture": "#2"},
				"west": {"uv": [10.5, 13, 10.625, 16], "texture": "#2"},
				"up": {"uv": [10.5, 13.125, 11.25, 13], "texture": "#2"},
				"down": {"uv": [10.5, 16, 11.25, 15.875], "texture": "#2"}
			}
		},
		{
			"from": [6.725, 10.625, 7.45],
			"to": [7.1, 12.375, 7.575],
			"rotation": {"angle": 0, "axis": "y", "origin": [-0.55, -0.575, 0]},
			"faces": {
				"north": {"uv": [10.625, 11.25, 10.25, 13], "texture": "#2"},
				"east": {"uv": [10.5, 11.25, 10.625, 13], "texture": "#2"},
				"south": {"uv": [10.25, 11.25, 10.625, 13], "texture": "#2"},
				"west": {"uv": [10.25, 11.25, 10.375, 13], "texture": "#2"},
				"up": {"uv": [10.25, 11.375, 10.625, 11.25], "texture": "#2"},
				"down": {"uv": [10.25, 13, 10.625, 12.875], "texture": "#2"}
			}
		},
		{
			"from": [7.1, 10.625, 7.375],
			"to": [7.725, 11, 7.65],
			"rotation": {"angle": 0, "axis": "y", "origin": [-0.8, -3.575, 0]},
			"faces": {
				"north": {"uv": [11.25, 12.625, 10.625, 13], "texture": "#2"},
				"east": {"uv": [11.125, 12.625, 11.25, 13], "texture": "#2"},
				"south": {"uv": [10.625, 12.625, 11.25, 13], "texture": "#2"},
				"west": {"uv": [10.625, 12.625, 10.75, 13], "texture": "#2"},
				"up": {"uv": [10.625, 12.75, 11.25, 12.625], "texture": "#2"},
				"down": {"uv": [10.625, 13, 11.25, 12.875], "texture": "#2"}
			}
		},
		{
			"from": [7.225, 12.375, 7.375],
			"to": [7.85, 12.625, 7.65],
			"rotation": {"angle": 0, "axis": "y", "origin": [-0.675, -1.825, 0]},
			"faces": {
				"north": {"uv": [11.375, 11, 10.75, 11.25], "texture": "#2"},
				"east": {"uv": [11.25, 11, 11.375, 11.25], "texture": "#2"},
				"south": {"uv": [10.75, 11, 11.375, 11.25], "texture": "#2"},
				"west": {"uv": [10.75, 11, 10.875, 11.25], "texture": "#2"},
				"up": {"uv": [10.75, 11.125, 11.375, 11], "texture": "#2"},
				"down": {"uv": [10.75, 11.25, 11.375, 11.125], "texture": "#2"}
			}
		}
	],
	"gui_light": "front",
	"display": {
		"thirdperson_righthand": {
			"rotation": [0, -90, 0],
			"translation": [-1, 2.5, 2.25],
			"scale": [1.1, 1.1, 1.1]
		},
		"thirdperson_lefthand": {
			"rotation": [0, 90, 0],
			"translation": [0.14, 2.5, 2.25],
			"scale": [1.1, 1.1, 1.1]
		},
		"firstperson_righthand": {
			"rotation": [55, -90, 60],
			"translation": [-1.25, 3.5, 1.25],
			"scale": [0.75, 0.75, 0.75]
		},
		"firstperson_lefthand": {
			"rotation": [-65, 90, 60],
			"translation": [-0.75, 3.5, 1.25],
			"scale": [0.75, 0.75, 0.75]
		},
		"ground": {
			"rotation": [-45, -90, 0],
			"translation": [0, 1, 0],
			"scale": [0.45, 0.45, 0.45]
		},
		"gui": {
			"rotation": [0, -180, 45],
			"translation": [-2.25, -2, 0],
			"scale": [0.9, 0.9, 0.9]
		},
		"head": {
			"translation": [0, 9.75, 0]
		},
		"fixed": {
			"rotation": [-180, 180, -135],
			"translation": [2.5, -2.25, 0]
		}
	}
}