{
	"format_version": "1.21.6",
	"credit": "Made with Blockbench",
	"parent": "ephir_razlom",
	"texture_size": [8, 8],
	"textures": {
		"0": "civilization:item/tools/hehmixanorcreator",
		"1": "civilization:item/tools/darkmixanorcreator",
		"2": "civilization:item/tools/purplemixanorcreator",
		"particle": "civilization:item/tools/hehmixanorcreator"
	},
	"elements": [
		{
			"from": [8.17938, 8.089, 7.75],
			"to": [9.05938, 8.829, 8.25],
			"rotation": {"angle": 45, "axis": "z", "origin": [8.67938, 7.92938, 8]},
			"faces": {
				"north": {"uv": [4, 9, 4.5, 9.5], "texture": "#0"},
				"east": {"uv": [9, 4, 9.5, 4.5], "texture": "#0"},
				"south": {"uv": [4.5, 9, 5, 9.5], "texture": "#0"},
				"west": {"uv": [9, 4.5, 9.5, 5], "texture": "#0"},
				"up": {"uv": [5.5, 9.5, 5, 9], "texture": "#0"},
				"down": {"uv": [9.5, 5, 9, 5.5], "texture": "#0"}
			}
		},
		{
			"from": [8.99632, 8.72855, 8],
			"to": [9.24632, 11.97855, 8],
			"rotation": {"angle": 45, "axis": "z", "origin": [9.12132, 9.35355, 8]},
			"faces": {
				"north": {"uv": [5, 7, 5.5, 8.5], "texture": "#1"},
				"east": {"uv": [0, 0, 0, 1.5], "texture": "#1"},
				"south": {"uv": [5.5, 7, 6, 8.5], "texture": "#1"},
				"west": {"uv": [0, 0, 0, 1.5], "texture": "#1"},
				"up": {"uv": [0.5, 0, 0, 0], "texture": "#1"},
				"down": {"uv": [0.5, 0, 0, 0], "texture": "#1"}
			}
		},
		{
			"from": [9.28921, 7.18566, 8],
			"to": [9.53921, 8.93566, 8],
			"rotation": {"angle": -45, "axis": "z", "origin": [9.66421, 8.81066, 8]},
			"faces": {
				"north": {"uv": [7.5, 7.5, 8, 8.5], "texture": "#1"},
				"east": {"uv": [0, 0, 0, 1], "texture": "#1"},
				"south": {"uv": [0.5, 8, 1, 9], "texture": "#1"},
				"west": {"uv": [0, 0, 0, 1], "texture": "#1"},
				"up": {"uv": [0.5, 0, 0, 0], "texture": "#1"},
				"down": {"uv": [0.5, 0, 0, 0], "texture": "#1"}
			}
		},
		{
			"from": [7.24632, 11.47855, 8],
			"to": [7.49632, 17.72855, 8],
			"rotation": {"angle": 45, "axis": "z", "origin": [7.37132, 12.35355, 8]},
			"faces": {
				"north": {"uv": [4.5, 0, 5, 3], "texture": "#1"},
				"east": {"uv": [0, 0, 0, 3], "texture": "#1"},
				"south": {"uv": [4.5, 3, 5, 6], "texture": "#1"},
				"west": {"uv": [0, 0, 0, 3], "texture": "#1"},
				"up": {"uv": [0.5, 0, 0, 0], "texture": "#1"},
				"down": {"uv": [0.5, 0, 0, 0], "texture": "#1"}
			}
		},
		{
			"from": [2.90533, 14.56954, 8],
			"to": [4.22533, 15.06954, 8],
			"rotation": {"angle": 45, "axis": "z", "origin": [2.53033, 14.94454, 8]},
			"faces": {
				"north": {"uv": [1.5, 9.5, 2, 10], "texture": "#1"},
				"east": {"uv": [0, 0, 0, 0.5], "texture": "#1"},
				"south": {"uv": [2, 9.5, 2.5, 10], "texture": "#1"},
				"west": {"uv": [0, 0, 0, 0.5], "texture": "#1"},
				"up": {"uv": [0.5, 0, 0, 0], "texture": "#1"},
				"down": {"uv": [0.5, 0, 0, 0], "texture": "#1"}
			}
		},
		{
			"from": [9.24632, 12.7, 8],
			"to": [10.49632, 12.95, 8],
			"rotation": {"angle": 45, "axis": "z", "origin": [10.37132, 9.35355, 8]},
			"faces": {
				"north": {"uv": [8.5, 9, 9, 9.5], "texture": "#1"},
				"east": {"uv": [0, 0, 0, 0.5], "texture": "#1"},
				"south": {"uv": [9, 8.5, 9.5, 9], "texture": "#1"},
				"west": {"uv": [0, 0, 0, 0.5], "texture": "#1"},
				"up": {"uv": [0.5, 0, 0, 0], "texture": "#1"},
				"down": {"uv": [0.5, 0, 0, 0], "texture": "#1"}
			}
		},
		{
			"from": [11.36877, 3.99087, 8],
			"to": [12.14877, 4.19087, 8],
			"rotation": {"angle": 45, "axis": "z", "origin": [11.75877, 4.09087, 8]},
			"faces": {
				"north": {"uv": [8, 9, 8.5, 9.5], "texture": "#1"},
				"east": {"uv": [0, 0, 0, 0.5], "texture": "#1"},
				"south": {"uv": [9, 8, 9.5, 8.5], "texture": "#1"},
				"west": {"uv": [0, 0, 0, 0.5], "texture": "#1"},
				"up": {"uv": [0.5, 0, 0, 0], "texture": "#1"},
				"down": {"uv": [0.5, 0, 0, 0], "texture": "#1"}
			}
		},
		{
			"from": [6.86877, 4.425, 8],
			"to": [12.14877, 4.625, 8],
			"rotation": {"angle": -45, "axis": "z", "origin": [11.75877, 4.59087, 8]},
			"faces": {
				"north": {"uv": [5, 0, 7.5, 0.5], "texture": "#1"},
				"east": {"uv": [0, 0, 0, 0.5], "texture": "#1"},
				"south": {"uv": [5, 0.5, 7.5, 1], "texture": "#1"},
				"west": {"uv": [0, 0, 0, 0.5], "texture": "#1"},
				"up": {"uv": [2.5, 0, 0, 0], "texture": "#1"},
				"down": {"uv": [2.5, 0, 0, 0], "texture": "#1"}
			}
		},
		{
			"from": [11.67938, 1.30438, 8],
			"to": [11.92938, 4.55438, 8],
			"rotation": {"angle": 45, "axis": "z", "origin": [12.42938, 3.67938, 8]},
			"faces": {
				"north": {"uv": [7, 7, 7.5, 8.5], "texture": "#1"},
				"east": {"uv": [0, 0, 0, 1.5], "texture": "#1"},
				"south": {"uv": [0, 7.5, 0.5, 9], "texture": "#1"},
				"west": {"uv": [0, 0, 0, 1.5], "texture": "#1"},
				"up": {"uv": [0.5, 0, 0, 0], "texture": "#1"},
				"down": {"uv": [0.5, 0, 0, 0], "texture": "#1"}
			}
		},
		{
			"from": [12.60384, 1.03752, 8],
			"to": [13.96384, 1.28752, 8],
			"rotation": {"angle": 45, "axis": "z", "origin": [13.28384, 1.16252, 8]},
			"faces": {
				"north": {"uv": [0, 0, 5, 1], "texture": "#1"},
				"east": {"uv": [0, 0, 0, 1], "texture": "#1"},
				"south": {"uv": [0, 4, 5, 5], "texture": "#1"},
				"west": {"uv": [0, 0, 0, 1], "texture": "#1"},
				"up": {"uv": [5, 0, 0, 0], "texture": "#1"},
				"down": {"uv": [5, 0, 0, 0], "texture": "#1"}
			}
		},
		{
			"from": [7.67938, 5.05438, 8],
			"to": [7.92938, 8.45438, 8],
			"rotation": {"angle": 45, "axis": "z", "origin": [8.42938, 7.42938, 8]},
			"faces": {
				"north": {"uv": [6, 7, 6.5, 8.5], "texture": "#1"},
				"east": {"uv": [0, 0, 0, 1.5], "texture": "#1"},
				"south": {"uv": [6.5, 7, 7, 8.5], "texture": "#1"},
				"west": {"uv": [0, 0, 0, 1.5], "texture": "#1"},
				"up": {"uv": [0.5, 0, 0, 0], "texture": "#1"},
				"down": {"uv": [0.5, 0, 0, 0], "texture": "#1"}
			}
		},
		{
			"from": [8.21599, 7.17, 8],
			"to": [8.46599, 8.92, 8],
			"rotation": {"angle": -45, "axis": "z", "origin": [8.34099, 8.88388, 8]},
			"faces": {
				"north": {"uv": [1, 8, 1.5, 9], "texture": "#1"},
				"east": {"uv": [0, 0, 0, 1], "texture": "#1"},
				"south": {"uv": [1.5, 8, 2, 9], "texture": "#1"},
				"west": {"uv": [0, 0, 0, 1], "texture": "#1"},
				"up": {"uv": [0.5, 0, 0, 0], "texture": "#1"},
				"down": {"uv": [0.5, 0, 0, 0], "texture": "#1"}
			}
		},
		{
			"from": [3.37281, 9.1657, 8],
			"to": [8.62281, 9.4157, 8],
			"rotation": {"angle": -45, "axis": "z", "origin": [7.74781, 9.2907, 8]},
			"faces": {
				"north": {"uv": [5, 1, 7.5, 1.5], "texture": "#1"},
				"east": {"uv": [0, 0, 0, 0.5], "texture": "#1"},
				"south": {"uv": [5, 1.5, 7.5, 2], "texture": "#1"},
				"west": {"uv": [0, 0, 0, 0.5], "texture": "#1"},
				"up": {"uv": [2.5, 0, 0, 0], "texture": "#1"},
				"down": {"uv": [2.5, 0, 0, 0], "texture": "#1"}
			}
		},
		{
			"from": [4.62281, 12.4157, 8],
			"to": [4.87281, 13.4157, 8],
			"rotation": {"angle": -45, "axis": "z", "origin": [4.74781, 12.2907, 8]},
			"faces": {
				"north": {"uv": [9, 9, 9.5, 9.5], "texture": "#1"},
				"east": {"uv": [0, 0, 0, 0.5], "texture": "#1"},
				"south": {"uv": [0, 9.5, 0.5, 10], "texture": "#1"},
				"west": {"uv": [0, 0, 0, 0.5], "texture": "#1"},
				"up": {"uv": [0.5, 0, 0, 0], "texture": "#1"},
				"down": {"uv": [0.5, 0, 0, 0], "texture": "#1"}
			}
		},
		{
			"from": [1.93975, 13.10765, 8],
			"to": [5.43975, 13.35765, 8],
			"rotation": {"angle": -45, "axis": "z", "origin": [4.93975, 13.23265, 8]},
			"faces": {
				"north": {"uv": [7.5, 0, 9, 0.5], "texture": "#1"},
				"east": {"uv": [0, 0, 0, 0.5], "texture": "#1"},
				"south": {"uv": [0.5, 7.5, 2, 8], "texture": "#1"},
				"west": {"uv": [0, 0, 0, 0.5], "texture": "#1"},
				"up": {"uv": [1.5, 0, 0, 0], "texture": "#1"},
				"down": {"uv": [1.5, 0, 0, 0], "texture": "#1"}
			}
		},
		{
			"from": [6.92938, 5.30438, 8],
			"to": [7.67938, 5.55438, 8],
			"rotation": {"angle": 45, "axis": "z", "origin": [8.42938, 7.42938, 8]},
			"faces": {
				"north": {"uv": [7.5, 9, 8, 9.5], "texture": "#1"},
				"east": {"uv": [0, 0, 0, 0.5], "texture": "#1"},
				"south": {"uv": [9, 7.5, 9.5, 8], "texture": "#1"},
				"west": {"uv": [0, 0, 0, 0.5], "texture": "#1"},
				"up": {"uv": [0.5, 0, 0, 0], "texture": "#1"},
				"down": {"uv": [0.5, 0, 0, 0], "texture": "#1"}
			}
		},
		{
			"from": [6.67938, -0.69562, 8],
			"to": [6.92938, 5.37438, 8],
			"rotation": {"angle": 45, "axis": "z", "origin": [8.17938, 7.42938, 7.75]},
			"faces": {
				"north": {"uv": [4, 0, 4.5, 3], "texture": "#1"},
				"east": {"uv": [0, 0, 0, 3], "texture": "#1"},
				"south": {"uv": [4, 3, 4.5, 6], "texture": "#1"},
				"west": {"uv": [0, 0, 0, 3], "texture": "#1"},
				"up": {"uv": [0.5, 0, 0, 0], "texture": "#1"},
				"down": {"uv": [0.5, 0, 0, 0], "texture": "#1"}
			}
		},
		{
			"from": [9.67938, 3.05438, 7.75],
			"to": [10.42938, 8.80438, 8.25],
			"rotation": {"angle": 45, "axis": "z", "origin": [9.67938, 5.42938, 8]},
			"faces": {
				"north": {"uv": [2, 0, 2.5, 3], "texture": "#0"},
				"east": {"uv": [2.5, 0, 3, 3], "texture": "#0"},
				"south": {"uv": [0, 3, 0.5, 6], "texture": "#0"},
				"west": {"uv": [3, 0, 3.5, 3], "texture": "#0"},
				"up": {"uv": [6.5, 9.5, 6, 9], "texture": "#0"},
				"down": {"uv": [9.5, 6, 9, 6.5], "texture": "#0"}
			}
		},
		{
			"from": [6.17938, 7.80438, 7.75],
			"to": [7.17938, 13.55438, 8.25],
			"rotation": {"angle": 45, "axis": "z", "origin": [6.92938, 11.17938, 8]},
			"faces": {
				"north": {"uv": [0, 0, 0.5, 3], "texture": "#0"},
				"east": {"uv": [0.5, 0, 1, 3], "texture": "#0"},
				"south": {"uv": [1, 0, 1.5, 3], "texture": "#0"},
				"west": {"uv": [1.5, 0, 2, 3], "texture": "#0"},
				"up": {"uv": [6, 9.5, 5.5, 9], "texture": "#0"},
				"down": {"uv": [9.5, 5.5, 9, 6], "texture": "#0"}
			}
		},
		{
			"from": [4.42938, 11.05438, 7.75],
			"to": [5.42938, 16.80438, 8.25],
			"rotation": {"angle": 45, "axis": "z", "origin": [5.67938, 14.42938, 8]},
			"faces": {
				"north": {"uv": [0.5, 3, 1, 6], "texture": "#0"},
				"east": {"uv": [1, 3, 1.5, 6], "texture": "#0"},
				"south": {"uv": [1.5, 3, 2, 6], "texture": "#0"},
				"west": {"uv": [2, 3, 2.5, 6], "texture": "#0"},
				"up": {"uv": [7, 9.5, 6.5, 9], "texture": "#0"},
				"down": {"uv": [9.5, 6.5, 9, 7], "texture": "#0"}
			}
		},
		{
			"from": [10.67938, -0.44562, 7.75],
			"to": [11.67938, 5.30438, 8.25],
			"rotation": {"angle": 45, "axis": "z", "origin": [10.17938, 2.92938, 8]},
			"faces": {
				"north": {"uv": [2.5, 3, 3, 6], "texture": "#0"},
				"east": {"uv": [3, 3, 3.5, 6], "texture": "#0"},
				"south": {"uv": [3.5, 0, 4, 3], "texture": "#0"},
				"west": {"uv": [3.5, 3, 4, 6], "texture": "#0"},
				"up": {"uv": [7.5, 9.5, 7, 9], "texture": "#0"},
				"down": {"uv": [9.5, 7, 9, 7.5], "texture": "#0"}
			}
		},
		{
			"from": [2.8038, 13.4, 8.25],
			"to": [6.0538, 13.65, 8.5],
			"rotation": {"angle": -45, "axis": "z", "origin": [5.4288, 13.60422, 8.375]},
			"faces": {
				"north": {"uv": [0, 0, 6.5, 0.5], "texture": "#2"},
				"east": {"uv": [0, 8, 0.5, 8.5], "texture": "#2"},
				"south": {"uv": [0, 2, 6.5, 2.5], "texture": "#2"},
				"west": {"uv": [8, 0, 8.5, 0.5], "texture": "#2"},
				"up": {"uv": [6.5, 4.5, 0, 4], "texture": "#2"},
				"down": {"uv": [6.5, 6, 0, 6.5], "texture": "#2"}
			}
		},
		{
			"from": [5.14528, 12.56, 8.25],
			"to": [6.39528, 12.81, 8.5],
			"rotation": {"angle": 45, "axis": "z", "origin": [5.52028, 12.65919, 8.375]},
			"faces": {
				"north": {"uv": [9.5, 5.5, 10, 6], "texture": "#2"},
				"east": {"uv": [6, 9.5, 6.5, 10], "texture": "#2"},
				"south": {"uv": [9.5, 6, 10, 6.5], "texture": "#2"},
				"west": {"uv": [6.5, 9.5, 7, 10], "texture": "#2"},
				"up": {"uv": [10, 7, 9.5, 6.5], "texture": "#2"},
				"down": {"uv": [7.5, 9.5, 7, 10], "texture": "#2"}
			}
		},
		{
			"from": [5.8038, 12.7, 8.25],
			"to": [7.0538, 12.95, 8.5],
			"rotation": {"angle": -45, "axis": "z", "origin": [6.4288, 12.85422, 8.375]},
			"faces": {
				"north": {"uv": [9.5, 7, 10, 7.5], "texture": "#2"},
				"east": {"uv": [7.5, 9.5, 8, 10], "texture": "#2"},
				"south": {"uv": [9.5, 7.5, 10, 8], "texture": "#2"},
				"west": {"uv": [8, 9.5, 8.5, 10], "texture": "#2"},
				"up": {"uv": [10, 8.5, 9.5, 8], "texture": "#2"},
				"down": {"uv": [9, 9.5, 8.5, 10], "texture": "#2"}
			}
		},
		{
			"from": [6.7, 11.95, 8.25],
			"to": [7.68, 12.2, 8.5],
			"rotation": {"angle": -45, "axis": "z", "origin": [7.1788, 12.10422, 8.375]},
			"faces": {
				"north": {"uv": [9.5, 8.5, 10, 9], "texture": "#2"},
				"east": {"uv": [9, 9.5, 9.5, 10], "texture": "#2"},
				"south": {"uv": [9.5, 9, 10, 9.5], "texture": "#2"},
				"west": {"uv": [9.5, 9.5, 10, 10], "texture": "#2"},
				"up": {"uv": [0.5, 10.5, 0, 10], "texture": "#2"},
				"down": {"uv": [10.5, 0, 10, 0.5], "texture": "#2"}
			}
		},
		{
			"from": [7.04813, 11.07, 8.25],
			"to": [7.29813, 12.05, 8.5],
			"rotation": {"angle": -45, "axis": "z", "origin": [7.17313, 11.56857, 8.375]},
			"faces": {
				"north": {"uv": [0.5, 10, 1, 10.5], "texture": "#2"},
				"east": {"uv": [10, 0.5, 10.5, 1], "texture": "#2"},
				"south": {"uv": [1, 10, 1.5, 10.5], "texture": "#2"},
				"west": {"uv": [10, 1, 10.5, 1.5], "texture": "#2"},
				"up": {"uv": [2, 10.5, 1.5, 10], "texture": "#2"},
				"down": {"uv": [10.5, 1.5, 10, 2], "texture": "#2"}
			}
		},
		{
			"from": [5.39, 11.43044, 8.25],
			"to": [7.14, 11.68044, 8.5],
			"rotation": {"angle": -45, "axis": "z", "origin": [6.66, 11.55544, 8.375]},
			"faces": {
				"north": {"uv": [2, 8, 3, 8.5], "texture": "#2"},
				"east": {"uv": [3.5, 10, 4, 10.5], "texture": "#2"},
				"south": {"uv": [3, 8, 4, 8.5], "texture": "#2"},
				"west": {"uv": [10, 3.5, 10.5, 4], "texture": "#2"},
				"up": {"uv": [5, 8.5, 4, 8], "texture": "#2"},
				"down": {"uv": [9, 7.5, 8, 8], "texture": "#2"}
			}
		},
		{
			"from": [3.85, 8.8, 8.25],
			"to": [9.1, 9.05, 8.5],
			"rotation": {"angle": -45, "axis": "z", "origin": [8.84099, 9.13388, 8.25]},
			"faces": {
				"north": {"uv": [5, 2, 7.5, 2.5], "texture": "#2"},
				"east": {"uv": [2.5, 9.5, 3, 10], "texture": "#2"},
				"south": {"uv": [5, 2.5, 7.5, 3], "texture": "#2"},
				"west": {"uv": [3, 9.5, 3.5, 10], "texture": "#2"},
				"up": {"uv": [7.5, 3.5, 5, 3], "texture": "#2"},
				"down": {"uv": [7.5, 3.5, 5, 4], "texture": "#2"}
			}
		},
		{
			"from": [8.96599, 7.4, 8.25],
			"to": [9.21599, 8.88, 8.5],
			"rotation": {"angle": -45, "axis": "z", "origin": [9.09099, 9.13388, 8.25]},
			"faces": {
				"north": {"uv": [3.5, 9.5, 4, 10], "texture": "#2"},
				"east": {"uv": [4, 9.5, 4.5, 10], "texture": "#2"},
				"south": {"uv": [9.5, 4, 10, 4.5], "texture": "#2"},
				"west": {"uv": [4.5, 9.5, 5, 10], "texture": "#2"},
				"up": {"uv": [10, 5, 9.5, 4.5], "texture": "#2"},
				"down": {"uv": [5.5, 9.5, 5, 10], "texture": "#2"}
			}
		},
		{
			"from": [7.55, 7.15, 8.25],
			"to": [13, 7.4, 8.5],
			"rotation": {"angle": -45, "axis": "z", "origin": [8.39174, 7.43464, 8.375]},
			"faces": {
				"north": {"uv": [5, 4, 7.5, 4.5], "texture": "#2"},
				"east": {"uv": [9.5, 5, 10, 5.5], "texture": "#2"},
				"south": {"uv": [5, 4.5, 7.5, 5], "texture": "#2"},
				"west": {"uv": [5.5, 9.5, 6, 10], "texture": "#2"},
				"up": {"uv": [7.5, 5.5, 5, 5], "texture": "#2"},
				"down": {"uv": [7.5, 5.5, 5, 6], "texture": "#2"}
			}
		},
		{
			"from": [11.53, 3.25, 8.25],
			"to": [11.78, 4, 8.5],
			"rotation": {"angle": -45, "axis": "z", "origin": [11.59099, 4.38388, 8.25]},
			"faces": {
				"north": {"uv": [4.5, 10, 5, 10.5], "texture": "#2"},
				"east": {"uv": [10, 4.5, 10.5, 5], "texture": "#2"},
				"south": {"uv": [5, 10, 5.5, 10.5], "texture": "#2"},
				"west": {"uv": [10, 5, 10.5, 5.5], "texture": "#2"},
				"up": {"uv": [6, 10.5, 5.5, 10], "texture": "#2"},
				"down": {"uv": [10.5, 5.5, 10, 6], "texture": "#2"}
			}
		},
		{
			"from": [8.72757, 3.71, 8.25],
			"to": [10.95757, 3.96, 8.5],
			"rotation": {"angle": -45, "axis": "z", "origin": [10.34257, 3.79494, 8.375]},
			"faces": {
				"north": {"uv": [8, 8, 9, 8.5], "texture": "#2"},
				"east": {"uv": [6, 10, 6.5, 10.5], "texture": "#2"},
				"south": {"uv": [2, 8.5, 3, 9], "texture": "#2"},
				"west": {"uv": [10, 6, 10.5, 6.5], "texture": "#2"},
				"up": {"uv": [4, 9, 3, 8.5], "texture": "#2"},
				"down": {"uv": [5, 8.5, 4, 9], "texture": "#2"}
			}
		},
		{
			"from": [10.03, 4.5, 8.25],
			"to": [10.28, 5.3, 8.5],
			"rotation": {"angle": -45, "axis": "z", "origin": [10.09099, 5.88388, 8.25]},
			"faces": {
				"north": {"uv": [6.5, 10, 7, 10.5], "texture": "#2"},
				"east": {"uv": [10, 6.5, 10.5, 7], "texture": "#2"},
				"south": {"uv": [7, 10, 7.5, 10.5], "texture": "#2"},
				"west": {"uv": [10, 7, 10.5, 7.5], "texture": "#2"},
				"up": {"uv": [8, 10.5, 7.5, 10], "texture": "#2"},
				"down": {"uv": [10.5, 7.5, 10, 8], "texture": "#2"}
			}
		},
		{
			"from": [9.71, 4.94, 8.25],
			"to": [11.26, 5.19, 8.5],
			"rotation": {"angle": -45, "axis": "z", "origin": [9.94054, 5.14291, 8.375]},
			"faces": {
				"north": {"uv": [5, 8.5, 6, 9], "texture": "#2"},
				"east": {"uv": [8, 10, 8.5, 10.5], "texture": "#2"},
				"south": {"uv": [6, 8.5, 7, 9], "texture": "#2"},
				"west": {"uv": [10, 8, 10.5, 8.5], "texture": "#2"},
				"up": {"uv": [8, 9, 7, 8.5], "texture": "#2"},
				"down": {"uv": [9, 8.5, 8, 9], "texture": "#2"}
			}
		},
		{
			"from": [11.21, 3.45, 8.25],
			"to": [14.19, 3.7, 8.5],
			"rotation": {"angle": -45, "axis": "z", "origin": [11.09257, 3.79494, 8.375]},
			"faces": {
				"north": {"uv": [7.5, 2, 9, 2.5], "texture": "#2"},
				"east": {"uv": [8.5, 10, 9, 10.5], "texture": "#2"},
				"south": {"uv": [7.5, 2.5, 9, 3], "texture": "#2"},
				"west": {"uv": [10, 8.5, 10.5, 9], "texture": "#2"},
				"up": {"uv": [9, 3.5, 7.5, 3], "texture": "#2"},
				"down": {"uv": [5, 7.5, 3.5, 8], "texture": "#2"}
			}
		},
		{
			"from": [2.8038, 13.4, 7.5],
			"to": [6.0538, 13.65, 7.75],
			"rotation": {"angle": -45, "axis": "z", "origin": [5.4288, 13.60422, 7.625]},
			"faces": {
				"north": {"uv": [7.5, 3.5, 9, 4], "texture": "#2"},
				"east": {"uv": [9, 10, 9.5, 10.5], "texture": "#2"},
				"south": {"uv": [7.5, 4, 9, 4.5], "texture": "#2"},
				"west": {"uv": [10, 9, 10.5, 9.5], "texture": "#2"},
				"up": {"uv": [9, 5, 7.5, 4.5], "texture": "#2"},
				"down": {"uv": [9, 5, 7.5, 5.5], "texture": "#2"}
			}
		},
		{
			"from": [5.14528, 12.56, 7.5],
			"to": [6.14528, 12.81, 7.75],
			"rotation": {"angle": 45, "axis": "z", "origin": [5.52028, 12.65919, 7.625]},
			"faces": {
				"north": {"uv": [9.5, 10, 10, 10.5], "texture": "#2"},
				"east": {"uv": [10, 9.5, 10.5, 10], "texture": "#2"},
				"south": {"uv": [10, 10, 10.5, 10.5], "texture": "#2"},
				"west": {"uv": [0, 10.5, 0.5, 11], "texture": "#2"},
				"up": {"uv": [11, 0.5, 10.5, 0], "texture": "#2"},
				"down": {"uv": [1, 10.5, 0.5, 11], "texture": "#2"}
			}
		},
		{
			"from": [5.8038, 12.7, 7.5],
			"to": [7.0138, 12.95, 7.75],
			"rotation": {"angle": -45, "axis": "z", "origin": [6.4288, 12.85422, 7.625]},
			"faces": {
				"north": {"uv": [10.5, 0.5, 11, 1], "texture": "#2"},
				"east": {"uv": [1, 10.5, 1.5, 11], "texture": "#2"},
				"south": {"uv": [10.5, 1, 11, 1.5], "texture": "#2"},
				"west": {"uv": [1.5, 10.5, 2, 11], "texture": "#2"},
				"up": {"uv": [11, 2, 10.5, 1.5], "texture": "#2"},
				"down": {"uv": [2.5, 10.5, 2, 11], "texture": "#2"}
			}
		},
		{
			"from": [6.7, 11.95, 7.5],
			"to": [7.43, 12.2, 7.75],
			"rotation": {"angle": -45, "axis": "z", "origin": [7.1788, 12.10422, 7.625]},
			"faces": {
				"north": {"uv": [10.5, 2, 11, 2.5], "texture": "#2"},
				"east": {"uv": [2.5, 10.5, 3, 11], "texture": "#2"},
				"south": {"uv": [10.5, 2.5, 11, 3], "texture": "#2"},
				"west": {"uv": [3, 10.5, 3.5, 11], "texture": "#2"},
				"up": {"uv": [11, 3.5, 10.5, 3], "texture": "#2"},
				"down": {"uv": [4, 10.5, 3.5, 11], "texture": "#2"}
			}
		},
		{
			"from": [7.04813, 11.07, 7.5],
			"to": [7.29813, 12.05, 7.75],
			"rotation": {"angle": -45, "axis": "z", "origin": [7.17313, 11.56857, 7.625]},
			"faces": {
				"north": {"uv": [10.5, 3.5, 11, 4], "texture": "#2"},
				"east": {"uv": [4, 10.5, 4.5, 11], "texture": "#2"},
				"south": {"uv": [10.5, 4, 11, 4.5], "texture": "#2"},
				"west": {"uv": [4.5, 10.5, 5, 11], "texture": "#2"},
				"up": {"uv": [11, 5, 10.5, 4.5], "texture": "#2"},
				"down": {"uv": [5.5, 10.5, 5, 11], "texture": "#2"}
			}
		},
		{
			"from": [5.39, 11.43044, 7.5],
			"to": [6.89, 11.68044, 7.75],
			"rotation": {"angle": -45, "axis": "z", "origin": [6.66, 11.55544, 7.625]},
			"faces": {
				"north": {"uv": [0, 9, 1, 9.5], "texture": "#2"},
				"east": {"uv": [10.5, 6.5, 11, 7], "texture": "#2"},
				"south": {"uv": [9, 0, 10, 0.5], "texture": "#2"},
				"west": {"uv": [7, 10.5, 7.5, 11], "texture": "#2"},
				"up": {"uv": [10, 1, 9, 0.5], "texture": "#2"},
				"down": {"uv": [2, 9, 1, 9.5], "texture": "#2"}
			}
		},
		{
			"from": [3.85, 8.8, 7.5],
			"to": [8.9, 9.05, 7.75],
			"rotation": {"angle": -45, "axis": "z", "origin": [8.84099, 9.13388, 7.5]},
			"faces": {
				"north": {"uv": [0, 6, 2.5, 6.5], "texture": "#2"},
				"east": {"uv": [10.5, 7, 11, 7.5], "texture": "#2"},
				"south": {"uv": [2.5, 6, 5, 6.5], "texture": "#2"},
				"west": {"uv": [7.5, 10.5, 8, 11], "texture": "#2"},
				"up": {"uv": [7.5, 6.5, 5, 6], "texture": "#2"},
				"down": {"uv": [2.5, 6.5, 0, 7], "texture": "#2"}
			}
		},
		{
			"from": [8.96599, 7.4, 7.5],
			"to": [9.21599, 8.88, 7.75],
			"rotation": {"angle": -45, "axis": "z", "origin": [9.09099, 9.13388, 7.5]},
			"faces": {
				"north": {"uv": [10.5, 7.5, 11, 8], "texture": "#2"},
				"east": {"uv": [8, 10.5, 8.5, 11], "texture": "#2"},
				"south": {"uv": [10.5, 8, 11, 8.5], "texture": "#2"},
				"west": {"uv": [8.5, 10.5, 9, 11], "texture": "#2"},
				"up": {"uv": [11, 9, 10.5, 8.5], "texture": "#2"},
				"down": {"uv": [9.5, 10.5, 9, 11], "texture": "#2"}
			}
		},
		{
			"from": [7.55, 7.15, 7.5],
			"to": [13, 7.4, 7.75],
			"rotation": {"angle": -45, "axis": "z", "origin": [8.39174, 7.43464, 7.625]},
			"faces": {
				"north": {"uv": [2.5, 6.5, 5, 7], "texture": "#2"},
				"east": {"uv": [10.5, 9, 11, 9.5], "texture": "#2"},
				"south": {"uv": [5, 6.5, 7.5, 7], "texture": "#2"},
				"west": {"uv": [9.5, 10.5, 10, 11], "texture": "#2"},
				"up": {"uv": [2.5, 7.5, 0, 7], "texture": "#2"},
				"down": {"uv": [5, 7, 2.5, 7.5], "texture": "#2"}
			}
		},
		{
			"from": [11.53, 3.25, 7.5],
			"to": [11.78, 4, 7.75],
			"rotation": {"angle": -45, "axis": "z", "origin": [11.59099, 4.38388, 7.5]},
			"faces": {
				"north": {"uv": [10.5, 9.5, 11, 10], "texture": "#2"},
				"east": {"uv": [10, 10.5, 10.5, 11], "texture": "#2"},
				"south": {"uv": [10.5, 10, 11, 10.5], "texture": "#2"},
				"west": {"uv": [10.5, 10.5, 11, 11], "texture": "#2"},
				"up": {"uv": [0.5, 11.5, 0, 11], "texture": "#2"},
				"down": {"uv": [11.5, 0, 11, 0.5], "texture": "#2"}
			}
		},
		{
			"from": [8.87, 3.71, 7.5],
			"to": [10.99, 3.96, 7.75],
			"rotation": {"angle": -45, "axis": "z", "origin": [10.34257, 3.79494, 7.625]},
			"faces": {
				"north": {"uv": [9, 1, 10, 1.5], "texture": "#2"},
				"east": {"uv": [0.5, 11, 1, 11.5], "texture": "#2"},
				"south": {"uv": [9, 1.5, 10, 2], "texture": "#2"},
				"west": {"uv": [11, 0.5, 11.5, 1], "texture": "#2"},
				"up": {"uv": [3, 9.5, 2, 9], "texture": "#2"},
				"down": {"uv": [10, 2, 9, 2.5], "texture": "#2"}
			}
		},
		{
			"from": [10.03, 4.5, 7.5],
			"to": [10.28, 5.3, 7.75],
			"rotation": {"angle": -45, "axis": "z", "origin": [10.09099, 5.88388, 7.5]},
			"faces": {
				"north": {"uv": [1, 11, 1.5, 11.5], "texture": "#2"},
				"east": {"uv": [11, 1, 11.5, 1.5], "texture": "#2"},
				"south": {"uv": [1.5, 11, 2, 11.5], "texture": "#2"},
				"west": {"uv": [11, 1.5, 11.5, 2], "texture": "#2"},
				"up": {"uv": [2.5, 11.5, 2, 11], "texture": "#2"},
				"down": {"uv": [11.5, 2, 11, 2.5], "texture": "#2"}
			}
		},
		{
			"from": [9.54054, 4.94, 7.5],
			"to": [11.34054, 5.19, 7.75],
			"rotation": {"angle": -45, "axis": "z", "origin": [9.94054, 5.14291, 7.625]},
			"faces": {
				"north": {"uv": [9, 2.5, 10, 3], "texture": "#2"},
				"east": {"uv": [2.5, 11, 3, 11.5], "texture": "#2"},
				"south": {"uv": [3, 9, 4, 9.5], "texture": "#2"},
				"west": {"uv": [11, 2.5, 11.5, 3], "texture": "#2"},
				"up": {"uv": [10, 3.5, 9, 3], "texture": "#2"},
				"down": {"uv": [10, 3.5, 9, 4], "texture": "#2"}
			}
		},
		{
			"from": [11.21, 3.45, 7.5],
			"to": [14.19, 3.7, 7.75],
			"rotation": {"angle": -45, "axis": "z", "origin": [11.09257, 3.79494, 7.625]},
			"faces": {
				"north": {"uv": [7.5, 5.5, 9, 6], "texture": "#2"},
				"east": {"uv": [3, 11, 3.5, 11.5], "texture": "#2"},
				"south": {"uv": [7.5, 6, 9, 6.5], "texture": "#2"},
				"west": {"uv": [11, 3, 11.5, 3.5], "texture": "#2"},
				"up": {"uv": [9, 7, 7.5, 6.5], "texture": "#2"},
				"down": {"uv": [9, 7, 7.5, 7.5], "texture": "#2"}
			}
		}
	],
	"display": {
		"thirdperson_righthand": {
			"rotation": [16, 93, 152],
			"translation": [0, -1.5, 1],
			"scale": [1.11, 2.41, 1.38]
		},
		"thirdperson_lefthand": {
			"rotation": [-56.09, -84.72, -35.51],
			"translation": [0, 0, 1.25]
		},
		"firstperson_righthand": {
			"rotation": [-67.05, -53.34, 125.89],
			"translation": [0.25, 7, 1]
		},
		"firstperson_lefthand": {
			"rotation": [168, 21, 0],
			"translation": [-8.75, 10.75, 0]
		},
		"ground": {
			"rotation": [8, 43, -40],
			"translation": [0, 6.25, 0]
		},
		"head": {
			"rotation": [0, 0, 23.25],
			"translation": [0, -17.75, 4.5],
			"scale": [3.07031, 3.07031, 3.07031]
		}
	},
	"groups": [
		0,
		1,
		2,
		3,
		4,
		5,
		6,
		7,
		8,
		9,
		10,
		11,
		12,
		13,
		14,
		15,
		16,
		17,
		18,
		19,
		20,
		{
			"name": "group",
			"origin": [8, 8, 8],
			"color": 0,
			"children": [
				21,
				22,
				23,
				24,
				25,
				26,
				27,
				28,
				29,
				30,
				31,
				32,
				33,
				34,
				{
					"name": "group",
					"origin": [8, 8, 8],
					"color": 0,
					"children": [35, 36, 37, 38, 39, 40, 41, 42, 43, 44, 45, 46, 47, 48]
				}
			]
		}
	]
}