{
	"credit": "Made with Blockbench",
	"textures": {
		"0": "civilization:item/tools/net",
		"particle": "civilization:item/tools/net"
	},
	"elements": [
		{
			"from": [7, -0.5, 8],
			"to": [7.75, 3.75, 8.5],
			"faces": {
				"north": {"uv": [7.75, 11.625, 8.125, 13.625], "texture": "#0"},
				"east": {"uv": [8, 11.625, 8.125, 13.625], "texture": "#0"},
				"south": {"uv": [8.125, 11.625, 7.75, 13.625], "texture": "#0"},
				"west": {"uv": [8, 11.625, 8.125, 13.625], "texture": "#0"},
				"up": {"uv": [0, 0, 0.75, 0.75], "texture": "#missing"},
				"down": {"uv": [0, 0, 0.75, 0.75], "texture": "#missing"}
			}
		},
		{
			"from": [6.749, 3.75, 7.935],
			"to": [8.001, 4.5, 8.56],
			"faces": {
				"north": {"uv": [7.625, 11.25, 8.25, 11.625], "texture": "#0"},
				"east": {"uv": [7.625, 11.25, 7.75, 11.625], "texture": "#0"},
				"south": {"uv": [8.25, 11.25, 7.625, 11.625], "texture": "#0"},
				"west": {"uv": [8.25, 11.25, 8.125, 11.625], "texture": "#0"},
				"up": {"uv": [8.25, 11.25, 7.625, 11.375], "texture": "#0"},
				"down": {"uv": [8.25, 11.5, 7.625, 11.625], "texture": "#0"}
			}
		},
		{
			"from": [6.749, -1.25, 7.935],
			"to": [8.001, -0.5, 8.56],
			"faces": {
				"north": {"uv": [7.625, 13.625, 8.25, 14], "texture": "#0"},
				"east": {"uv": [7.625, 13.625, 7.75, 14], "texture": "#0"},
				"south": {"uv": [8.25, 13.625, 7.625, 14], "texture": "#0"},
				"west": {"uv": [8.125, 13.625, 8.25, 14], "texture": "#0"},
				"up": {"uv": [8.25, 13.625, 7.625, 13.75], "texture": "#0"},
				"down": {"uv": [8.25, 13.625, 7.625, 13.75], "texture": "#0"}
			}
		},
		{
			"from": [6.999, -1.5, 7.935],
			"to": [7.751, -1.25, 8.56],
			"faces": {
				"north": {"uv": [7.75, 14, 8.125, 14.125], "texture": "#0"},
				"east": {"uv": [7.75, 14, 7.875, 14.125], "texture": "#0"},
				"south": {"uv": [8.125, 14, 7.75, 14.125], "texture": "#0"},
				"west": {"uv": [8.125, 14, 8, 14.125], "texture": "#0"},
				"up": {"uv": [7.75, 14, 8.125, 14.125], "texture": "#0"},
				"down": {"uv": [8.125, 14, 7.75, 14.125], "texture": "#0"}
			}
		},
		{
			"from": [7, 4.5, 7.935],
			"to": [7.75, 5.75, 8.56],
			"faces": {
				"north": {"uv": [7.75, 10.625, 8.125, 11.25], "texture": "#0"},
				"east": {"uv": [7.75, 10.625, 7.875, 11.25], "texture": "#0"},
				"south": {"uv": [8.125, 10.625, 7.75, 11.25], "texture": "#0"},
				"west": {"uv": [8, 10.625, 8.125, 11.25], "texture": "#0"},
				"up": {"uv": [8.125, 10.625, 7.75, 10.75], "texture": "#0"},
				"down": {"uv": [7.125, 11.5, 7.25, 11.625], "texture": "#0"}
			}
		},
		{
			"from": [7.25, 5.75, 7.935],
			"to": [7.5, 6.75, 8.56],
			"faces": {
				"north": {"uv": [7.875, 10.125, 8, 10.625], "texture": "#0"},
				"east": {"uv": [7.875, 10.125, 8, 10.625], "texture": "#0"},
				"south": {"uv": [7.875, 10.125, 8, 10.625], "texture": "#0"},
				"west": {"uv": [7.875, 10.125, 8, 10.625], "texture": "#0"},
				"up": {"uv": [7.875, 10.125, 8, 10.25], "texture": "#0"},
				"down": {"uv": [7.125, 11.5, 7.25, 11.625], "texture": "#0"}
			}
		},
		{
			"from": [5.25, 4, 8.05],
			"to": [5.75, 4.25, 8.425],
			"faces": {
				"north": {"uv": [8.75, 11.375, 9, 11.5], "texture": "#0"},
				"east": {"uv": [7, 11.375, 7.125, 11.5], "texture": "#0"},
				"south": {"uv": [7, 11.375, 7.125, 11.5], "texture": "#0"},
				"west": {"uv": [7, 11.375, 7.125, 11.5], "texture": "#0"},
				"up": {"uv": [8.25, 11.375, 8.875, 11.5], "texture": "#0"},
				"down": {"uv": [7, 11.375, 7.125, 11.5], "texture": "#0"}
			}
		},
		{
			"from": [9, 4, 8.05],
			"to": [9.5, 4.25, 8.425],
			"faces": {
				"north": {"uv": [6.875, 11.375, 7.125, 11.5], "texture": "#0"},
				"east": {"uv": [6.875, 11.375, 7, 11.5], "texture": "#0"},
				"south": {"uv": [7.125, 11.375, 6.875, 11.5], "texture": "#0"},
				"west": {"uv": [7, 11.375, 7.125, 11.5], "texture": "#0"},
				"up": {"uv": [7.125, 11.375, 6.875, 11.5], "texture": "#0"},
				"down": {"uv": [7.125, 11.375, 6.875, 11.5], "texture": "#0"}
			}
		},
		{
			"from": [9.25, 4.25, 8.05],
			"to": [9.5, 4.5, 8.425],
			"faces": {
				"north": {"uv": [6.875, 11.25, 7, 11.375], "texture": "#0"},
				"east": {"uv": [6.875, 11.25, 7, 11.375], "texture": "#0"},
				"south": {"uv": [6.875, 11.25, 7, 11.375], "texture": "#0"},
				"west": {"uv": [6.875, 11.25, 7, 11.375], "texture": "#0"},
				"up": {"uv": [6.875, 11.25, 7, 11.375], "texture": "#0"},
				"down": {"uv": [6.875, 11.25, 7, 11.375], "texture": "#0"}
			}
		},
		{
			"from": [5.25, 4.25, 8.05],
			"to": [5.5, 4.5, 8.425],
			"faces": {
				"north": {"uv": [6.875, 11.25, 7, 11.375], "texture": "#0"},
				"east": {"uv": [6.875, 11.25, 7, 11.375], "texture": "#0"},
				"south": {"uv": [6.875, 11.25, 7, 11.375], "texture": "#0"},
				"west": {"uv": [6.875, 11.25, 7, 11.375], "texture": "#0"},
				"up": {"uv": [6.875, 11.25, 7, 11.375], "texture": "#0"},
				"down": {"uv": [6.875, 11.25, 7, 11.375], "texture": "#0"}
			}
		},
		{
			"from": [8.5, 4.75, 8.05],
			"to": [9, 5, 8.425],
			"faces": {
				"north": {"uv": [7.125, 11, 7.375, 11.125], "texture": "#0"},
				"east": {"uv": [6.875, 11.25, 7, 11.375], "texture": "#0"},
				"south": {"uv": [7.375, 11, 7.125, 11.125], "texture": "#0"},
				"west": {"uv": [6.875, 11.25, 7, 11.375], "texture": "#0"},
				"up": {"uv": [7.375, 11, 7.125, 11.125], "texture": "#0"},
				"down": {"uv": [7.125, 11.5, 7.25, 11.625], "texture": "#0"}
			}
		},
		{
			"from": [5.75, 4.75, 8.05],
			"to": [6.25, 5, 8.425],
			"faces": {
				"north": {"uv": [8.5, 11, 8.75, 11.125], "texture": "#0"},
				"east": {"uv": [6.875, 11.25, 7, 11.375], "texture": "#0"},
				"south": {"uv": [8.5, 11, 8.75, 11.125], "texture": "#0"},
				"west": {"uv": [6.875, 11.25, 7, 11.375], "texture": "#0"},
				"up": {"uv": [8.5, 11, 8.75, 11.125], "texture": "#0"},
				"down": {"uv": [7.125, 11.5, 7.25, 11.625], "texture": "#0"}
			}
		},
		{
			"from": [8, 4.25, 8.05],
			"to": [9.25, 4.75, 8.425],
			"faces": {
				"north": {"uv": [7, 11.125, 7.625, 11.375], "texture": "#0"},
				"east": {"uv": [6.875, 11.25, 7, 11.375], "texture": "#0"},
				"south": {"uv": [7.625, 11.125, 7, 11.375], "texture": "#0"},
				"west": {"uv": [6.875, 11.25, 7, 11.375], "texture": "#0"},
				"up": {"uv": [7.625, 11.125, 7, 11.25], "texture": "#0"},
				"down": {"uv": [7.625, 11.25, 7, 11.375], "texture": "#0"}
			}
		},
		{
			"from": [5.5, 4.25, 8.05],
			"to": [6.75, 4.75, 8.425],
			"faces": {
				"north": {"uv": [8.25, 11.125, 8.875, 11.375], "texture": "#0"},
				"east": {"uv": [6.875, 11.25, 7, 11.375], "texture": "#0"},
				"south": {"uv": [8.875, 11.125, 8.25, 11.375], "texture": "#0"},
				"west": {"uv": [6.875, 11.25, 7, 11.375], "texture": "#0"},
				"up": {"uv": [8.875, 11.125, 8.25, 11.25], "texture": "#0"},
				"down": {"uv": [8.875, 11.25, 8.25, 11.375], "texture": "#0"}
			}
		},
		{
			"from": [8, 3.75, 8.05],
			"to": [8.5, 4, 8.425],
			"faces": {
				"north": {"uv": [7.375, 11.375, 7.625, 11.5], "texture": "#0"},
				"east": {"uv": [7.375, 11.375, 7.5, 11.5], "texture": "#0"},
				"south": {"uv": [7.625, 11.375, 7.375, 11.5], "texture": "#0"},
				"west": {"uv": [8.5, 11.375, 8.375, 11.5], "texture": "#0"},
				"up": {"uv": [8.25, 11.375, 8.5, 11.5], "texture": "#0"},
				"down": {"uv": [7.375, 11.375, 7.625, 11.5], "texture": "#0"}
			}
		},
		{
			"from": [8, 4, 8.05],
			"to": [8.5, 4.25, 8.425],
			"faces": {
				"north": {"uv": [7.375, 11.375, 7.625, 11.5], "texture": "#0"},
				"east": {"uv": [7, 11, 7.125, 11.125], "texture": "#0"},
				"south": {"uv": [7.625, 11.375, 7.375, 11.5], "texture": "#0"},
				"west": {"uv": [8.25, 10.875, 8.375, 11], "texture": "#0"},
				"up": {"uv": [8.375, 11.625, 9.125, 11.75], "texture": "#0"},
				"down": {"uv": [7.5, 11.625, 6.75, 11.75], "texture": "#0"}
			}
		},
		{
			"from": [6.25, 4, 8.05],
			"to": [6.75, 4.25, 8.425],
			"faces": {
				"north": {"uv": [8.25, 11.375, 8.5, 11.5], "texture": "#0"},
				"east": {"uv": [8.5, 11.375, 8.375, 11.5], "texture": "#0"},
				"south": {"uv": [8.5, 11.375, 8.25, 11.5], "texture": "#0"},
				"west": {"uv": [7.375, 11.375, 7.5, 11.5], "texture": "#0"},
				"up": {"uv": [8.5, 11.375, 8.25, 11.5], "texture": "#0"},
				"down": {"uv": [8.5, 11.375, 8.25, 11.5], "texture": "#0"}
			}
		},
		{
			"from": [6.75, 4.5, 8.183],
			"to": [8, 16, 8.308],
			"faces": {
				"north": {"uv": [7.625, 5.5, 8.25, 11.25], "texture": "#0"},
				"east": {"uv": [7.75, 5.5, 7.625, 11.25], "texture": "#0"},
				"south": {"uv": [8.25, 5.5, 7.625, 11.25], "texture": "#0"},
				"west": {"uv": [8.25, 5.5, 8.125, 11.25], "texture": "#0"},
				"up": {"uv": [8.25, 5.5, 7.625, 5.625], "texture": "#0"},
				"down": {"uv": [0, 0, 0.75, 0.75], "texture": "#missing"}
			}
		},
		{
			"from": [8, 13.25, 8.183],
			"to": [8.25, 15.25, 8.308],
			"faces": {
				"north": {"uv": [7.5, 5.875, 7.625, 6.875], "texture": "#0"},
				"east": {"uv": [7.5, 5.875, 7.625, 6.875], "texture": "#0"},
				"south": {"uv": [7.5, 5.875, 7.625, 6.875], "texture": "#0"},
				"west": {"uv": [7.5, 5.875, 7.625, 6.875], "texture": "#0"},
				"up": {"uv": [7.5, 5.875, 7.625, 6], "texture": "#0"},
				"down": {"uv": [7.5, 5.875, 7.625, 6], "texture": "#0"}
			}
		},
		{
			"from": [6.5, 13.25, 8.183],
			"to": [6.75, 15.25, 8.308],
			"faces": {
				"north": {"uv": [8.25, 5.875, 8.375, 6.875], "texture": "#0"},
				"east": {"uv": [7.5, 5.875, 7.625, 6.875], "texture": "#0"},
				"south": {"uv": [7.5, 5.875, 7.625, 6.875], "texture": "#0"},
				"west": {"uv": [8.25, 5.875, 8.375, 6.875], "texture": "#0"},
				"up": {"uv": [8.25, 5.875, 8.375, 6], "texture": "#0"},
				"down": {"uv": [7.5, 5.875, 7.625, 6], "texture": "#0"}
			}
		},
		{
			"from": [7, 16, 8.183],
			"to": [7.75, 16.5, 8.308],
			"faces": {
				"north": {"uv": [7.75, 5.25, 8.125, 5.5], "texture": "#0"},
				"east": {"uv": [8.125, 5.25, 8, 5.5], "texture": "#0"},
				"south": {"uv": [8.125, 5.25, 7.75, 5.5], "texture": "#0"},
				"west": {"uv": [8.125, 5.25, 8, 5.5], "texture": "#0"},
				"up": {"uv": [8.125, 5.25, 7.75, 5.375], "texture": "#0"},
				"down": {"uv": [0, 0, 0.75, 0.75], "texture": "#missing"}
			}
		},
		{
			"from": [7.25, 16.5, 8.183],
			"to": [7.5, 17, 8.308],
			"faces": {
				"north": {"uv": [7.875, 5, 8, 5.25], "texture": "#0"},
				"east": {"uv": [7.875, 5, 8, 5.25], "texture": "#0"},
				"south": {"uv": [7.875, 5, 8, 5.25], "texture": "#0"},
				"west": {"uv": [7.875, 5, 8, 5.25], "texture": "#0"},
				"up": {"uv": [7.875, 5, 8, 5.125], "texture": "#0"},
				"down": {"uv": [0, 0, 0.75, 0.75], "texture": "#missing"}
			}
		},
		{
			"from": [8, 5.25, 8.183],
			"to": [8.25, 6, 8.308],
			"faces": {
				"north": {"uv": [7.5, 10.5, 7.625, 10.875], "texture": "#0"},
				"east": {"uv": [7.5, 10.5, 7.625, 10.875], "texture": "#0"},
				"south": {"uv": [7.5, 10.5, 7.625, 10.875], "texture": "#0"},
				"west": {"uv": [8, 4.75, 7.875, 5], "texture": "#0"},
				"up": {"uv": [7.5, 10.5, 7.625, 10.625], "texture": "#0"},
				"down": {"uv": [7.375, 10.625, 7.5, 10.75], "texture": "#0"}
			}
		},
		{
			"from": [6.5, 5.25, 8.183],
			"to": [6.75, 6, 8.308],
			"faces": {
				"north": {"uv": [8.25, 10.5, 8.375, 10.875], "texture": "#0"},
				"east": {"uv": [8, 4.75, 7.875, 5], "texture": "#0"},
				"south": {"uv": [8.25, 10.5, 8.375, 10.875], "texture": "#0"},
				"west": {"uv": [8.375, 10.625, 8.5, 10.75], "texture": "#0"},
				"up": {"uv": [8.375, 10.625, 8.5, 10.75], "texture": "#0"},
				"down": {"uv": [8.375, 10.625, 8.5, 10.75], "texture": "#0"}
			}
		},
		{
			"from": [6.25, 5.5, 8.183],
			"to": [6.5, 5.75, 8.308],
			"faces": {
				"north": {"uv": [8.375, 10.625, 8.5, 10.75], "texture": "#0"},
				"east": {"uv": [8, 4.75, 7.875, 5], "texture": "#0"},
				"south": {"uv": [8.375, 10.625, 8.5, 10.75], "texture": "#0"},
				"west": {"uv": [8.375, 10.625, 8.5, 10.75], "texture": "#0"},
				"up": {"uv": [8.375, 10.625, 8.5, 10.75], "texture": "#0"},
				"down": {"uv": [8.375, 10.625, 8.5, 10.75], "texture": "#0"}
			}
		},
		{
			"from": [8.25, 5.5, 8.183],
			"to": [8.5, 5.75, 8.308],
			"faces": {
				"north": {"uv": [7.375, 10.625, 7.5, 10.75], "texture": "#0"},
				"east": {"uv": [7.375, 10.625, 7.5, 10.75], "texture": "#0"},
				"south": {"uv": [8.375, 10.625, 8.5, 10.75], "texture": "#0"},
				"west": {"uv": [8, 4.75, 7.875, 5], "texture": "#0"},
				"up": {"uv": [7.375, 10.625, 7.5, 10.75], "texture": "#0"},
				"down": {"uv": [7.375, 10.625, 7.5, 10.75], "texture": "#0"}
			}
		},
		{
			"from": [7, 5.75, 8.123],
			"to": [7.75, 16, 8.373],
			"faces": {
				"north": {"uv": [7.75, 5.5, 8.125, 10.625], "texture": "#0"},
				"east": {"uv": [7.875, 5.5, 7.75, 10.625], "texture": "#0"},
				"south": {"uv": [8.125, 5.5, 7.75, 10.625], "texture": "#0"},
				"west": {"uv": [8.125, 5.5, 8, 10.625], "texture": "#0"},
				"up": {"uv": [8.125, 5.5, 7.75, 5.625], "texture": "#0"},
				"down": {"uv": [0, 0, 0.75, 0.75], "texture": "#missing"}
			}
		},
		{
			"from": [7.25, 16, 8.123],
			"to": [7.5, 16.5, 8.373],
			"faces": {
				"north": {"uv": [7.875, 5.25, 8, 5.5], "texture": "#0"},
				"east": {"uv": [7.875, 5.25, 8, 5.5], "texture": "#0"},
				"south": {"uv": [7.875, 5.25, 8, 5.5], "texture": "#0"},
				"west": {"uv": [7.875, 5.25, 8, 5.5], "texture": "#0"},
				"up": {"uv": [8, 5.25, 7.875, 5.375], "texture": "#0"},
				"down": {"uv": [0, 0, 0.75, 0.75], "texture": "#missing"}
			}
		}
	],
	"display": {
		"thirdperson_righthand": {
			"rotation": [0, 90, 0],
			"translation": [-0.5, 8, 0],
			"scale": [1.7, 1.7, 1.7]
		},
		"thirdperson_lefthand": {
			"rotation": [0, -90, 0],
			"translation": [0.25, 8, 0.25],
			"scale": [1.7, 1.7, 1.7]
		},
		"firstperson_righthand": {
			"rotation": [6, 95, 0],
			"translation": [0, 8, 0.5],
			"scale": [1.6, 1.6, 1.6]
		},
		"firstperson_lefthand": {
			"rotation": [6, -80, 0],
			"translation": [1.5, 7.75, 0],
			"scale": [1.6, 1.6, 1.6]
		},
		"ground": {
			"rotation": [0, 0, -45],
			"translation": [0, 3.3956, 0],
			"scale": [1.5, 1.5, 1.5]
		},
		"gui": {
			"rotation": [0, 0, -45],
			"translation": [0.5, -0.5, 0],
			"scale": [1.53, 1.41, 1.6]
		},
		"head": {
			"rotation": [-180, 1, 45],
			"translation": [2.75, -13.75, 5],
			"scale": [2.18, 2.18, 2.18]
		},
		"fixed": {
			"rotation": [0, 0, 45],
			"translation": [0.25, 3, -2],
			"scale": [2.7, 2.7, 2.7]
		}
	},
	"groups": [
		{
			"name": "hilt",
			"origin": [8, 8, 8],
			"color": 0,
			"children": [0, 1, 2, 3, 4, 5, 6, 7, 8, 9, 10, 11, 12, 13, 14, 15, 16]
		},
		{
			"name": "blade",
			"origin": [8, 8, 8],
			"color": 0,
			"children": [17, 18, 19, 20, 21, 22, 23, 24, 25, 26, 27]
		}
	]
}