{
	"credit": "Made with Blockbench",
	"textures": {
		"1": "civilization:item/tools/meow_sword",
		"particle": "civilization:item/tools/meow_sword"
	},
	"elements": [
		{
			"from": [6.275, 8.825, 7.45],
			"to": [6.4, 9.7, 7.6],
			"rotation": {"angle": 0, "axis": "y", "origin": [0.875, 3, 0]},
			"faces": {
				"north": {"uv": [8.75, 5.75, 8.625, 6.625], "texture": "#1"},
				"east": {"uv": [8.625, 8.625, 8.75, 9.5], "texture": "#1"},
				"south": {"uv": [8.625, 8.625, 8.75, 9.5], "texture": "#1"},
				"west": {"uv": [8.625, 8.625, 8.75, 9.5], "texture": "#1"},
				"up": {"uv": [8.625, 8.75, 8.75, 8.625], "texture": "#1"},
				"down": {"uv": [8.625, 9.5, 8.75, 9.375], "texture": "#1"}
			}
		},
		{
			"from": [9.15, 7.7, 7.45],
			"to": [9.275, 8.075, 7.6],
			"rotation": {"angle": 0, "axis": "y", "origin": [3.75, 2.25, 0]},
			"faces": {
				"north": {"uv": [11.625, 7.5, 11.5, 7.875], "texture": "#1"},
				"east": {"uv": [11.5, 10.375, 11.625, 10.75], "texture": "#1"},
				"south": {"uv": [11.5, 10.375, 11.625, 10.75], "texture": "#1"},
				"west": {"uv": [11.5, 10.375, 11.625, 10.75], "texture": "#1"},
				"up": {"uv": [11.5, 10.5, 11.625, 10.375], "texture": "#1"},
				"down": {"uv": [11.5, 10.75, 11.625, 10.625], "texture": "#1"}
			}
		},
		{
			"from": [9.275, 7.7, 7.45],
			"to": [9.4, 7.825, 7.6],
			"rotation": {"angle": 0, "axis": "y", "origin": [3.875, 2.25, 0]},
			"faces": {
				"north": {"uv": [11.75, 7.75, 11.625, 7.875], "texture": "#1"},
				"east": {"uv": [11.625, 10.625, 11.75, 10.75], "texture": "#1"},
				"south": {"uv": [11.625, 10.625, 11.75, 10.75], "texture": "#1"},
				"west": {"uv": [11.625, 10.625, 11.75, 10.75], "texture": "#1"},
				"up": {"uv": [11.625, 10.75, 11.75, 10.625], "texture": "#1"},
				"down": {"uv": [11.625, 10.75, 11.75, 10.625], "texture": "#1"}
			}
		},
		{
			"from": [9.275, 7.075, 7.45],
			"to": [9.4, 7.2, 7.6],
			"rotation": {"angle": 0, "axis": "y", "origin": [3.875, 1.625, 0]},
			"faces": {
				"north": {"uv": [11.75, 8.375, 11.625, 8.5], "texture": "#1"},
				"east": {"uv": [11.625, 11.25, 11.75, 11.375], "texture": "#1"},
				"south": {"uv": [11.625, 11.25, 11.75, 11.375], "texture": "#1"},
				"west": {"uv": [11.625, 11.25, 11.75, 11.375], "texture": "#1"},
				"up": {"uv": [11.625, 11.375, 11.75, 11.25], "texture": "#1"},
				"down": {"uv": [11.625, 11.375, 11.75, 11.25], "texture": "#1"}
			}
		},
		{
			"from": [9.15, 7.075, 7.45],
			"to": [9.275, 7.45, 7.6],
			"rotation": {"angle": 0, "axis": "y", "origin": [3.75, 1.625, 0]},
			"faces": {
				"north": {"uv": [11.625, 8.125, 11.5, 8.5], "texture": "#1"},
				"east": {"uv": [11.5, 11, 11.625, 11.375], "texture": "#1"},
				"south": {"uv": [11.5, 11, 11.625, 11.375], "texture": "#1"},
				"west": {"uv": [11.5, 11, 11.625, 11.375], "texture": "#1"},
				"up": {"uv": [11.5, 11.125, 11.625, 11], "texture": "#1"},
				"down": {"uv": [11.5, 11.375, 11.625, 11.25], "texture": "#1"}
			}
		},
		{
			"from": [8.9, 7.075, 7.45],
			"to": [9.15, 8.325, 7.6],
			"rotation": {"angle": 0, "axis": "y", "origin": [3.5, 1.625, 0]},
			"faces": {
				"north": {"uv": [11.5, 7.125, 11.25, 8.375], "texture": "#1"},
				"east": {"uv": [11.375, 10, 11.5, 11.25], "texture": "#1"},
				"south": {"uv": [11.25, 10, 11.5, 11.25], "texture": "#1"},
				"west": {"uv": [11.25, 10, 11.375, 11.25], "texture": "#1"},
				"up": {"uv": [11.25, 10.125, 11.5, 10], "texture": "#1"},
				"down": {"uv": [11.25, 11.25, 11.5, 11.125], "texture": "#1"}
			}
		},
		{
			"from": [8.525, 8.95, 7.45],
			"to": [8.775, 9.45, 7.6],
			"rotation": {"angle": 0, "axis": "y", "origin": [2.625, 2.875, 0]},
			"faces": {
				"north": {"uv": [11.125, 6, 10.875, 6.5], "texture": "#1"},
				"east": {"uv": [11, 8.875, 11.125, 9.375], "texture": "#1"},
				"south": {"uv": [10.875, 8.875, 11.125, 9.375], "texture": "#1"},
				"west": {"uv": [10.875, 8.875, 11, 9.375], "texture": "#1"},
				"up": {"uv": [10.875, 9, 11.125, 8.875], "texture": "#1"},
				"down": {"uv": [10.875, 9.375, 11.125, 9.25], "texture": "#1"}
			}
		},
		{
			"from": [8.775, 7.2, 7.45],
			"to": [8.9, 9.575, 7.6],
			"rotation": {"angle": 0, "axis": "y", "origin": [3.375, 2.875, 0]},
			"faces": {
				"north": {"uv": [11.25, 5.875, 11.125, 8.25], "texture": "#1"},
				"east": {"uv": [11.125, 8.75, 11.25, 11.125], "texture": "#1"},
				"south": {"uv": [11.125, 8.75, 11.25, 11.125], "texture": "#1"},
				"west": {"uv": [11.125, 8.75, 11.25, 11.125], "texture": "#1"},
				"up": {"uv": [11.125, 8.875, 11.25, 8.75], "texture": "#1"},
				"down": {"uv": [11.125, 11.125, 11.25, 11], "texture": "#1"}
			}
		},
		{
			"from": [8.9, 8.45, 7.45],
			"to": [9.025, 9.575, 7.6],
			"rotation": {"angle": 0, "axis": "y", "origin": [3.5, 2.875, 0]},
			"faces": {
				"north": {"uv": [11.375, 5.875, 11.25, 7], "texture": "#1"},
				"east": {"uv": [11.25, 8.75, 11.375, 9.875], "texture": "#1"},
				"south": {"uv": [11.25, 8.75, 11.375, 9.875], "texture": "#1"},
				"west": {"uv": [11.25, 8.75, 11.375, 9.875], "texture": "#1"},
				"up": {"uv": [11.25, 8.875, 11.375, 8.75], "texture": "#1"},
				"down": {"uv": [11.25, 9.875, 11.375, 9.75], "texture": "#1"}
			}
		},
		{
			"from": [8.15, 9.05, 7.45],
			"to": [8.525, 9.3, 7.6],
			"rotation": {"angle": 0, "axis": "y", "origin": [2.25, 2.725, 0]},
			"faces": {
				"north": {"uv": [10.875, 6.125, 10.5, 6.375], "texture": "#1"},
				"east": {"uv": [10.75, 9, 10.875, 9.25], "texture": "#1"},
				"south": {"uv": [10.5, 9, 10.875, 9.25], "texture": "#1"},
				"west": {"uv": [10.5, 9, 10.625, 9.25], "texture": "#1"},
				"up": {"uv": [10.5, 9.125, 10.875, 9], "texture": "#1"},
				"down": {"uv": [10.5, 9.25, 10.875, 9.125], "texture": "#1"}
			}
		},
		{
			"from": [9.15, 9.325, 7.45],
			"to": [9.275, 9.7, 7.6],
			"rotation": {"angle": 0, "axis": "y", "origin": [3.375, 3.125, 0]},
			"faces": {
				"north": {"uv": [11.625, 5.75, 11.5, 6.125], "texture": "#1"},
				"east": {"uv": [11.5, 8.625, 11.625, 9], "texture": "#1"},
				"south": {"uv": [11.5, 8.625, 11.625, 9], "texture": "#1"},
				"west": {"uv": [11.5, 8.625, 11.625, 9], "texture": "#1"},
				"up": {"uv": [11.5, 8.75, 11.625, 8.625], "texture": "#1"},
				"down": {"uv": [11.5, 9, 11.625, 8.875], "texture": "#1"}
			}
		},
		{
			"from": [9.025, 8.825, 7.45],
			"to": [9.15, 9.7, 7.6],
			"rotation": {"angle": 0, "axis": "y", "origin": [3.625, 3, 0]},
			"faces": {
				"north": {"uv": [11.5, 5.75, 11.375, 6.625], "texture": "#1"},
				"east": {"uv": [11.375, 8.625, 11.5, 9.5], "texture": "#1"},
				"south": {"uv": [11.375, 8.625, 11.5, 9.5], "texture": "#1"},
				"west": {"uv": [11.375, 8.625, 11.5, 9.5], "texture": "#1"},
				"up": {"uv": [11.375, 8.75, 11.5, 8.625], "texture": "#1"},
				"down": {"uv": [11.375, 9.5, 11.5, 9.375], "texture": "#1"}
			}
		},
		{
			"from": [6.275, 7.075, 7.45],
			"to": [6.525, 8.325, 7.6],
			"rotation": {"angle": 0, "axis": "y", "origin": [0.875, 1.625, 0]},
			"faces": {
				"north": {"uv": [8.875, 7.125, 8.625, 8.375], "texture": "#1"},
				"east": {"uv": [8.75, 10, 8.875, 11.25], "texture": "#1"},
				"south": {"uv": [8.625, 10, 8.875, 11.25], "texture": "#1"},
				"west": {"uv": [8.625, 10, 8.75, 11.25], "texture": "#1"},
				"up": {"uv": [8.625, 10.125, 8.875, 10], "texture": "#1"},
				"down": {"uv": [8.625, 11.25, 8.875, 11.125], "texture": "#1"}
			}
		},
		{
			"from": [6.15, 7.075, 7.45],
			"to": [6.275, 7.45, 7.6],
			"rotation": {"angle": 0, "axis": "y", "origin": [0.75, 1.625, 0]},
			"faces": {
				"north": {"uv": [8.625, 8.125, 8.5, 8.5], "texture": "#1"},
				"east": {"uv": [8.5, 11, 8.625, 11.375], "texture": "#1"},
				"south": {"uv": [8.5, 11, 8.625, 11.375], "texture": "#1"},
				"west": {"uv": [8.5, 11, 8.625, 11.375], "texture": "#1"},
				"up": {"uv": [8.5, 11.125, 8.625, 11], "texture": "#1"},
				"down": {"uv": [8.5, 11.375, 8.625, 11.25], "texture": "#1"}
			}
		},
		{
			"from": [6.025, 7.075, 7.45],
			"to": [6.15, 7.2, 7.6],
			"rotation": {"angle": 0, "axis": "y", "origin": [0.625, 1.625, 0]},
			"faces": {
				"north": {"uv": [8.5, 8.375, 8.375, 8.5], "texture": "#1"},
				"east": {"uv": [8.375, 11.25, 8.5, 11.375], "texture": "#1"},
				"south": {"uv": [8.375, 11.25, 8.5, 11.375], "texture": "#1"},
				"west": {"uv": [8.375, 11.25, 8.5, 11.375], "texture": "#1"},
				"up": {"uv": [8.375, 11.375, 8.5, 11.25], "texture": "#1"},
				"down": {"uv": [8.375, 11.375, 8.5, 11.25], "texture": "#1"}
			}
		},
		{
			"from": [6.15, 7.7, 7.45],
			"to": [6.275, 8.075, 7.6],
			"rotation": {"angle": 0, "axis": "y", "origin": [0.75, 2.25, 0]},
			"faces": {
				"north": {"uv": [8.625, 7.5, 8.5, 7.875], "texture": "#1"},
				"east": {"uv": [8.5, 10.375, 8.625, 10.75], "texture": "#1"},
				"south": {"uv": [8.5, 10.375, 8.625, 10.75], "texture": "#1"},
				"west": {"uv": [8.5, 10.375, 8.625, 10.75], "texture": "#1"},
				"up": {"uv": [8.5, 10.5, 8.625, 10.375], "texture": "#1"},
				"down": {"uv": [8.5, 10.75, 8.625, 10.625], "texture": "#1"}
			}
		},
		{
			"from": [6.025, 7.7, 7.45],
			"to": [6.15, 7.825, 7.6],
			"rotation": {"angle": 0, "axis": "y", "origin": [0.625, 2.25, 0]},
			"faces": {
				"north": {"uv": [8.5, 7.75, 8.375, 7.875], "texture": "#1"},
				"east": {"uv": [8.375, 10.625, 8.5, 10.75], "texture": "#1"},
				"south": {"uv": [8.375, 10.625, 8.5, 10.75], "texture": "#1"},
				"west": {"uv": [8.375, 10.625, 8.5, 10.75], "texture": "#1"},
				"up": {"uv": [8.375, 10.75, 8.5, 10.625], "texture": "#1"},
				"down": {"uv": [8.375, 10.75, 8.5, 10.625], "texture": "#1"}
			}
		},
		{
			"from": [6.4, 8.45, 7.45],
			"to": [6.525, 9.575, 7.6],
			"rotation": {"angle": 0, "axis": "y", "origin": [1, 2.875, 0]},
			"faces": {
				"north": {"uv": [8.875, 5.875, 8.75, 7], "texture": "#1"},
				"east": {"uv": [8.75, 8.75, 8.875, 9.875], "texture": "#1"},
				"south": {"uv": [8.75, 8.75, 8.875, 9.875], "texture": "#1"},
				"west": {"uv": [8.75, 8.75, 8.875, 9.875], "texture": "#1"},
				"up": {"uv": [8.75, 8.875, 8.875, 8.75], "texture": "#1"},
				"down": {"uv": [8.75, 9.875, 8.875, 9.75], "texture": "#1"}
			}
		},
		{
			"from": [6.525, 7.2, 7.45],
			"to": [6.65, 9.575, 7.6],
			"rotation": {"angle": 0, "axis": "y", "origin": [1.125, 2.875, 0]},
			"faces": {
				"north": {"uv": [9, 5.875, 8.875, 8.25], "texture": "#1"},
				"east": {"uv": [8.875, 8.75, 9, 11.125], "texture": "#1"},
				"south": {"uv": [8.875, 8.75, 9, 11.125], "texture": "#1"},
				"west": {"uv": [8.875, 8.75, 9, 11.125], "texture": "#1"},
				"up": {"uv": [8.875, 8.875, 9, 8.75], "texture": "#1"},
				"down": {"uv": [8.875, 11.125, 9, 11], "texture": "#1"}
			}
		},
		{
			"from": [6.15, 9.325, 7.45],
			"to": [6.275, 9.7, 7.6],
			"rotation": {"angle": 0, "axis": "y", "origin": [0.375, 3.125, 0]},
			"faces": {
				"north": {"uv": [8.625, 5.75, 8.5, 6.125], "texture": "#1"},
				"east": {"uv": [8.5, 8.625, 8.625, 9], "texture": "#1"},
				"south": {"uv": [8.5, 8.625, 8.625, 9], "texture": "#1"},
				"west": {"uv": [8.5, 8.625, 8.625, 9], "texture": "#1"},
				"up": {"uv": [8.5, 8.75, 8.625, 8.625], "texture": "#1"},
				"down": {"uv": [8.5, 9, 8.625, 8.875], "texture": "#1"}
			}
		},
		{
			"from": [6.9, 9.075, 7.45],
			"to": [7.275, 9.325, 7.6],
			"rotation": {"angle": 0, "axis": "y", "origin": [1, 2.75, 0]},
			"faces": {
				"north": {"uv": [9.625, 6.125, 9.25, 6.375], "texture": "#1"},
				"east": {"uv": [9.5, 9, 9.625, 9.25], "texture": "#1"},
				"south": {"uv": [9.25, 9, 9.625, 9.25], "texture": "#1"},
				"west": {"uv": [9.25, 9, 9.375, 9.25], "texture": "#1"},
				"up": {"uv": [9.25, 9.125, 9.625, 9], "texture": "#1"},
				"down": {"uv": [9.25, 9.25, 9.625, 9.125], "texture": "#1"}
			}
		},
		{
			"from": [6.65, 8.95, 7.45],
			"to": [6.9, 9.45, 7.6],
			"rotation": {"angle": 0, "axis": "y", "origin": [0.75, 2.875, 0]},
			"faces": {
				"north": {"uv": [9.25, 6, 9, 6.5], "texture": "#1"},
				"east": {"uv": [9.125, 8.875, 9.25, 9.375], "texture": "#1"},
				"south": {"uv": [9, 8.875, 9.25, 9.375], "texture": "#1"},
				"west": {"uv": [9, 8.875, 9.125, 9.375], "texture": "#1"},
				"up": {"uv": [9, 9, 9.25, 8.875], "texture": "#1"},
				"down": {"uv": [9, 9.375, 9.25, 9.25], "texture": "#1"}
			}
		},
		{
			"from": [6.9, 7.325, 7.35],
			"to": [7.025, 9.075, 7.7],
			"rotation": {"angle": 0, "axis": "y", "origin": [-0.125, 1.625, 0]},
			"faces": {
				"north": {"uv": [9.375, 6.375, 9.25, 8.125], "texture": "#1"},
				"east": {"uv": [9.25, 9.25, 9.375, 11], "texture": "#1"},
				"south": {"uv": [9.25, 9.25, 9.375, 11], "texture": "#1"},
				"west": {"uv": [9.25, 9.25, 9.375, 11], "texture": "#1"},
				"up": {"uv": [9.25, 9.375, 9.375, 9.25], "texture": "#1"},
				"down": {"uv": [9.25, 11, 9.375, 10.875], "texture": "#1"}
			}
		},
		{
			"from": [6.525, 7.45, 7.35],
			"to": [6.65, 8.7, 7.7],
			"rotation": {"angle": 0, "axis": "y", "origin": [-0.5, 1.5, 0]},
			"faces": {
				"north": {"uv": [9, 6.75, 8.875, 8], "texture": "#1"},
				"east": {"uv": [8.875, 9.625, 9, 10.875], "texture": "#1"},
				"south": {"uv": [8.875, 9.625, 9, 10.875], "texture": "#1"},
				"west": {"uv": [8.875, 9.625, 9, 10.875], "texture": "#1"},
				"up": {"uv": [8.875, 9.75, 9, 9.625], "texture": "#1"},
				"down": {"uv": [8.875, 10.875, 9, 10.75], "texture": "#1"}
			}
		},
		{
			"from": [8.4, 7.325, 7.35],
			"to": [8.525, 9.075, 7.7],
			"rotation": {"angle": 0, "axis": "y", "origin": [1.375, 1.625, 0]},
			"faces": {
				"north": {"uv": [10.875, 6.375, 10.75, 8.125], "texture": "#1"},
				"east": {"uv": [10.75, 9.25, 10.875, 11], "texture": "#1"},
				"south": {"uv": [10.75, 9.25, 10.875, 11], "texture": "#1"},
				"west": {"uv": [10.75, 9.25, 10.875, 11], "texture": "#1"},
				"up": {"uv": [10.75, 9.375, 10.875, 9.25], "texture": "#1"},
				"down": {"uv": [10.75, 11, 10.875, 10.875], "texture": "#1"}
			}
		},
		{
			"from": [8.9, 7.7, 7.35],
			"to": [9.025, 8.45, 7.7],
			"rotation": {"angle": 0, "axis": "y", "origin": [1.875, 1.5, 0]},
			"faces": {
				"north": {"uv": [11.375, 7, 11.25, 7.75], "texture": "#1"},
				"east": {"uv": [11.25, 9.875, 11.375, 10.625], "texture": "#1"},
				"south": {"uv": [11.25, 9.875, 11.375, 10.625], "texture": "#1"},
				"west": {"uv": [11.25, 9.875, 11.375, 10.625], "texture": "#1"},
				"up": {"uv": [11.25, 10, 11.375, 9.875], "texture": "#1"},
				"down": {"uv": [11.25, 10.625, 11.375, 10.5], "texture": "#1"}
			}
		},
		{
			"from": [8.525, 7.2, 7.35],
			"to": [8.775, 8.95, 7.7],
			"rotation": {"angle": 0, "axis": "y", "origin": [1.375, 2.375, 0]},
			"faces": {
				"north": {"uv": [11.125, 6.5, 10.875, 8.25], "texture": "#1"},
				"east": {"uv": [11, 9.375, 11.125, 11.125], "texture": "#1"},
				"south": {"uv": [10.875, 9.375, 11.125, 11.125], "texture": "#1"},
				"west": {"uv": [10.875, 9.375, 11, 11.125], "texture": "#1"},
				"up": {"uv": [10.875, 9.5, 11.125, 9.375], "texture": "#1"},
				"down": {"uv": [10.875, 11.125, 11.125, 11], "texture": "#1"}
			}
		},
		{
			"from": [8.775, 7.45, 7.35],
			"to": [8.9, 8.7, 7.7],
			"rotation": {"angle": 0, "axis": "y", "origin": [1.75, 1.5, 0]},
			"faces": {
				"north": {"uv": [11.25, 6.75, 11.125, 8], "texture": "#1"},
				"east": {"uv": [11.125, 9.625, 11.25, 10.875], "texture": "#1"},
				"south": {"uv": [11.125, 9.625, 11.25, 10.875], "texture": "#1"},
				"west": {"uv": [11.125, 9.625, 11.25, 10.875], "texture": "#1"},
				"up": {"uv": [11.125, 9.75, 11.25, 9.625], "texture": "#1"},
				"down": {"uv": [11.125, 10.875, 11.25, 10.75], "texture": "#1"}
			}
		},
		{
			"from": [6.4, 7.7, 7.35],
			"to": [6.525, 8.45, 7.7],
			"rotation": {"angle": 0, "axis": "y", "origin": [-0.625, 1.5, 0]},
			"faces": {
				"north": {"uv": [8.875, 7, 8.75, 7.75], "texture": "#1"},
				"east": {"uv": [8.75, 9.875, 8.875, 10.625], "texture": "#1"},
				"south": {"uv": [8.75, 9.875, 8.875, 10.625], "texture": "#1"},
				"west": {"uv": [8.75, 9.875, 8.875, 10.625], "texture": "#1"},
				"up": {"uv": [8.75, 10, 8.875, 9.875], "texture": "#1"},
				"down": {"uv": [8.75, 10.625, 8.875, 10.5], "texture": "#1"}
			}
		},
		{
			"from": [7.275, 2.325, 7.425],
			"to": [7.65, 2.45, 7.625],
			"rotation": {"angle": 0, "axis": "y", "origin": [-0.25, 1.25, 0]},
			"faces": {
				"north": {"uv": [10, 15.875, 9.625, 16], "texture": "#1"},
				"east": {"uv": [9.875, 15.875, 10, 16], "texture": "#1"},
				"south": {"uv": [9.625, 15.875, 10, 16], "texture": "#1"},
				"west": {"uv": [9.625, 15.875, 9.75, 16], "texture": "#1"},
				"up": {"uv": [9.625, 16, 10, 15.875], "texture": "#1"},
				"down": {"uv": [9.625, 16, 10, 15.875], "texture": "#1"}
			}
		},
		{
			"from": [7.775, 2.45, 7.325],
			"to": [8.15, 2.575, 7.725],
			"rotation": {"angle": 0, "axis": "y", "origin": [0.25, 1.375, 0]},
			"faces": {
				"north": {"uv": [10.5, 15.75, 10.125, 15.875], "texture": "#1"},
				"east": {"uv": [10.375, 15.75, 10.5, 15.875], "texture": "#1"},
				"south": {"uv": [10.125, 15.75, 10.5, 15.875], "texture": "#1"},
				"west": {"uv": [10.125, 15.75, 10.25, 15.875], "texture": "#1"},
				"up": {"uv": [10.125, 15.875, 10.5, 15.75], "texture": "#1"},
				"down": {"uv": [10.125, 15.875, 10.5, 15.75], "texture": "#1"}
			}
		},
		{
			"from": [7.275, 2.45, 7.325],
			"to": [7.65, 2.575, 7.725],
			"rotation": {"angle": 0, "axis": "y", "origin": [-0.25, 1.375, 0]},
			"faces": {
				"north": {"uv": [10, 15.75, 9.625, 15.875], "texture": "#1"},
				"east": {"uv": [9.875, 15.75, 10, 15.875], "texture": "#1"},
				"south": {"uv": [9.625, 15.75, 10, 15.875], "texture": "#1"},
				"west": {"uv": [9.625, 15.75, 9.75, 15.875], "texture": "#1"},
				"up": {"uv": [9.625, 15.875, 10, 15.75], "texture": "#1"},
				"down": {"uv": [9.625, 15.875, 10, 15.75], "texture": "#1"}
			}
		},
		{
			"from": [7.775, 2.325, 7.425],
			"to": [8.15, 2.45, 7.625],
			"rotation": {"angle": 0, "axis": "y", "origin": [0.25, 1.25, 0]},
			"faces": {
				"north": {"uv": [10.5, 15.875, 10.125, 16], "texture": "#1"},
				"east": {"uv": [10.375, 15.875, 10.5, 16], "texture": "#1"},
				"south": {"uv": [10.125, 15.875, 10.5, 16], "texture": "#1"},
				"west": {"uv": [10.125, 15.875, 10.25, 16], "texture": "#1"},
				"up": {"uv": [10.125, 16, 10.5, 15.875], "texture": "#1"},
				"down": {"uv": [10.125, 16, 10.5, 15.875], "texture": "#1"}
			}
		},
		{
			"from": [7.15, 2.45, 7.425],
			"to": [8.275, 2.575, 7.625],
			"rotation": {"angle": 0, "axis": "y", "origin": [0.125, 0.875, 0]},
			"faces": {
				"north": {"uv": [10.625, 15.75, 9.5, 15.875], "texture": "#1"},
				"east": {"uv": [10.5, 15.75, 10.625, 15.875], "texture": "#1"},
				"south": {"uv": [9.5, 15.75, 10.625, 15.875], "texture": "#1"},
				"west": {"uv": [9.5, 15.75, 9.625, 15.875], "texture": "#1"},
				"up": {"uv": [9.5, 15.875, 10.625, 15.75], "texture": "#1"},
				"down": {"uv": [9.5, 15.875, 10.625, 15.75], "texture": "#1"}
			}
		},
		{
			"from": [7.4, 3.45, 7.425],
			"to": [8.025, 3.575, 7.625],
			"rotation": {"angle": 0, "axis": "y", "origin": [0.125, 1.875, 0]},
			"faces": {
				"north": {"uv": [10.375, 14.75, 9.75, 14.875], "texture": "#1"},
				"east": {"uv": [10.25, 14.75, 10.375, 14.875], "texture": "#1"},
				"south": {"uv": [9.75, 14.75, 10.375, 14.875], "texture": "#1"},
				"west": {"uv": [9.75, 14.75, 9.875, 14.875], "texture": "#1"},
				"up": {"uv": [9.75, 14.875, 10.375, 14.75], "texture": "#1"},
				"down": {"uv": [9.75, 14.875, 10.375, 14.75], "texture": "#1"}
			}
		},
		{
			"from": [7.15, 2.95, 7.425],
			"to": [8.275, 3.2, 7.625],
			"rotation": {"angle": 0, "axis": "y", "origin": [0, 1.25, 0]},
			"faces": {
				"north": {"uv": [10.625, 15.125, 9.5, 15.375], "texture": "#1"},
				"east": {"uv": [10.5, 15.125, 10.625, 15.375], "texture": "#1"},
				"south": {"uv": [9.5, 15.125, 10.625, 15.375], "texture": "#1"},
				"west": {"uv": [9.5, 15.125, 9.625, 15.375], "texture": "#1"},
				"up": {"uv": [9.5, 15.25, 10.625, 15.125], "texture": "#1"},
				"down": {"uv": [9.5, 15.375, 10.625, 15.25], "texture": "#1"}
			}
		},
		{
			"from": [7.025, 2.575, 7.425],
			"to": [8.4, 2.95, 7.625],
			"rotation": {"angle": 0, "axis": "y", "origin": [0, 0.625, 0]},
			"faces": {
				"north": {"uv": [10.75, 15.375, 9.375, 15.75], "texture": "#1"},
				"east": {"uv": [10.625, 15.375, 10.75, 15.75], "texture": "#1"},
				"south": {"uv": [9.375, 15.375, 10.75, 15.75], "texture": "#1"},
				"west": {"uv": [9.375, 15.375, 9.5, 15.75], "texture": "#1"},
				"up": {"uv": [9.375, 15.5, 10.75, 15.375], "texture": "#1"},
				"down": {"uv": [9.375, 15.75, 10.75, 15.625], "texture": "#1"}
			}
		},
		{
			"from": [7.525, 3.45, 7.325],
			"to": [7.9, 3.575, 7.725],
			"rotation": {"angle": 0, "axis": "y", "origin": [0.25, 1.875, 0]},
			"faces": {
				"north": {"uv": [10.25, 14.75, 9.875, 14.875], "texture": "#1"},
				"east": {"uv": [10.125, 14.75, 10.25, 14.875], "texture": "#1"},
				"south": {"uv": [9.875, 14.75, 10.25, 14.875], "texture": "#1"},
				"west": {"uv": [9.875, 14.75, 10, 14.875], "texture": "#1"},
				"up": {"uv": [9.875, 14.875, 10.25, 14.75], "texture": "#1"},
				"down": {"uv": [9.875, 14.875, 10.25, 14.75], "texture": "#1"}
			}
		},
		{
			"from": [7.4, 3.2, 7.325],
			"to": [8.025, 3.45, 7.725],
			"rotation": {"angle": 0, "axis": "y", "origin": [0, 0.875, 0]},
			"faces": {
				"north": {"uv": [10.375, 14.875, 9.75, 15.125], "texture": "#1"},
				"east": {"uv": [10.25, 14.875, 10.375, 15.125], "texture": "#1"},
				"south": {"uv": [9.75, 14.875, 10.375, 15.125], "texture": "#1"},
				"west": {"uv": [9.75, 14.875, 9.875, 15.125], "texture": "#1"},
				"up": {"uv": [9.75, 15, 10.375, 14.875], "texture": "#1"},
				"down": {"uv": [9.75, 15.125, 10.375, 15], "texture": "#1"}
			}
		},
		{
			"from": [7.275, 2.95, 7.325],
			"to": [8.15, 3.2, 7.725],
			"rotation": {"angle": 0, "axis": "y", "origin": [0.125, 1.25, 0]},
			"faces": {
				"north": {"uv": [10.5, 15.125, 9.625, 15.375], "texture": "#1"},
				"east": {"uv": [10.375, 15.125, 10.5, 15.375], "texture": "#1"},
				"south": {"uv": [9.625, 15.125, 10.5, 15.375], "texture": "#1"},
				"west": {"uv": [9.625, 15.125, 9.75, 15.375], "texture": "#1"},
				"up": {"uv": [9.625, 15.25, 10.5, 15.125], "texture": "#1"},
				"down": {"uv": [9.625, 15.375, 10.5, 15.25], "texture": "#1"}
			}
		},
		{
			"from": [7.15, 2.575, 7.325],
			"to": [8.275, 2.95, 7.725],
			"rotation": {"angle": 0, "axis": "y", "origin": [0.125, 0.625, 0]},
			"faces": {
				"north": {"uv": [10.625, 15.375, 9.5, 15.75], "texture": "#1"},
				"east": {"uv": [10.5, 15.375, 10.625, 15.75], "texture": "#1"},
				"south": {"uv": [9.5, 15.375, 10.625, 15.75], "texture": "#1"},
				"west": {"uv": [9.5, 15.375, 9.625, 15.75], "texture": "#1"},
				"up": {"uv": [9.5, 15.5, 10.625, 15.375], "texture": "#1"},
				"down": {"uv": [9.5, 15.75, 10.625, 15.625], "texture": "#1"}
			}
		},
		{
			"from": [7.275, 3.2, 7.425],
			"to": [8.15, 3.45, 7.625],
			"rotation": {"angle": 0, "axis": "y", "origin": [-0.125, 0.875, 0]},
			"faces": {
				"north": {"uv": [10.5, 14.875, 9.625, 15.125], "texture": "#1"},
				"east": {"uv": [10.375, 14.875, 10.5, 15.125], "texture": "#1"},
				"south": {"uv": [9.625, 14.875, 10.5, 15.125], "texture": "#1"},
				"west": {"uv": [9.625, 14.875, 9.75, 15.125], "texture": "#1"},
				"up": {"uv": [9.625, 15, 10.5, 14.875], "texture": "#1"},
				"down": {"uv": [9.625, 15.125, 10.5, 15], "texture": "#1"}
			}
		},
		{
			"from": [7.4, 7.45, 7.8],
			"to": [8.025, 9.075, 7.9],
			"rotation": {"angle": 0, "axis": "y", "origin": [0, 2.1, 0]},
			"faces": {
				"north": {"uv": [10.375, 6.375, 9.75, 8], "texture": "#1"},
				"east": {"uv": [10.25, 9.25, 10.375, 10.875], "texture": "#1"},
				"south": {"uv": [9.75, 9.25, 10.375, 10.875], "texture": "#1"},
				"west": {"uv": [9.75, 9.25, 9.875, 10.875], "texture": "#1"},
				"up": {"uv": [9.75, 9.375, 10.375, 9.25], "texture": "#1"},
				"down": {"uv": [9.75, 10.875, 10.375, 10.75], "texture": "#1"}
			}
		},
		{
			"from": [7.4, 7.45, 7.15],
			"to": [8.025, 9.075, 7.25],
			"rotation": {"angle": 0, "axis": "y", "origin": [0, 2.1, 0]},
			"faces": {
				"north": {"uv": [10.375, 6.375, 9.75, 8], "texture": "#1"},
				"east": {"uv": [10.25, 6.375, 10.375, 8], "texture": "#1"},
				"south": {"uv": [9.75, 6.375, 10.375, 8], "texture": "#1"},
				"west": {"uv": [9.75, 6.375, 9.875, 8], "texture": "#1"},
				"up": {"uv": [9.75, 6.5, 10.375, 6.375], "texture": "#1"},
				"down": {"uv": [9.75, 8, 10.375, 7.875], "texture": "#1"}
			}
		},
		{
			"from": [7.4, 6.95, 7.225],
			"to": [8.025, 7.45, 7.825],
			"rotation": {"angle": 0, "axis": "y", "origin": [0, 1.6, 0]},
			"faces": {
				"north": {"uv": [10.375, 10.875, 9.75, 11.375], "texture": "#1"},
				"east": {"uv": [10.25, 10.875, 10.375, 11.375], "texture": "#1"},
				"south": {"uv": [9.75, 10.875, 10.375, 11.375], "texture": "#1"},
				"west": {"uv": [9.75, 10.875, 9.875, 11.375], "texture": "#1"},
				"up": {"uv": [9.75, 11, 10.375, 10.875], "texture": "#1"},
				"down": {"uv": [9.75, 11.375, 10.375, 11.25], "texture": "#1"}
			}
		},
		{
			"from": [7.15, 6.95, 7.325],
			"to": [7.4, 7.325, 7.725],
			"rotation": {"angle": 0, "axis": "y", "origin": [-0.625, 1.475, 0]},
			"faces": {
				"north": {"uv": [9.75, 11, 9.5, 11.375], "texture": "#1"},
				"east": {"uv": [9.625, 11, 9.75, 11.375], "texture": "#1"},
				"south": {"uv": [9.5, 11, 9.75, 11.375], "texture": "#1"},
				"west": {"uv": [9.5, 11, 9.625, 11.375], "texture": "#1"},
				"up": {"uv": [9.5, 11.125, 9.75, 11], "texture": "#1"},
				"down": {"uv": [9.5, 11.375, 9.75, 11.25], "texture": "#1"}
			}
		},
		{
			"from": [6.65, 6.575, 7.425],
			"to": [6.9, 7.2, 7.625],
			"rotation": {"angle": 0, "axis": "y", "origin": [-1.125, 1.35, 0]},
			"faces": {
				"north": {"uv": [9.25, 11.125, 9, 11.75], "texture": "#1"},
				"east": {"uv": [9.125, 11.125, 9.25, 11.75], "texture": "#1"},
				"south": {"uv": [9, 11.125, 9.25, 11.75], "texture": "#1"},
				"west": {"uv": [9, 11.125, 9.125, 11.75], "texture": "#1"},
				"up": {"uv": [9, 11.25, 9.25, 11.125], "texture": "#1"},
				"down": {"uv": [9, 11.75, 9.25, 11.625], "texture": "#1"}
			}
		},
		{
			"from": [8.275, 6.7, 7.425],
			"to": [8.4, 7.325, 7.625],
			"rotation": {"angle": 0, "axis": "y", "origin": [0.375, 1.35, 0]},
			"faces": {
				"north": {"uv": [10.75, 11, 10.625, 11.625], "texture": "#1"},
				"east": {"uv": [10.625, 11, 10.75, 11.625], "texture": "#1"},
				"south": {"uv": [10.625, 11, 10.75, 11.625], "texture": "#1"},
				"west": {"uv": [10.625, 11, 10.75, 11.625], "texture": "#1"},
				"up": {"uv": [10.625, 11.125, 10.75, 11], "texture": "#1"},
				"down": {"uv": [10.625, 11.625, 10.75, 11.5], "texture": "#1"}
			}
		},
		{
			"from": [8.4, 6.575, 7.425],
			"to": [8.525, 7.325, 7.625],
			"rotation": {"angle": 0, "axis": "y", "origin": [0.5, 1.35, 0]},
			"faces": {
				"north": {"uv": [10.875, 11, 10.75, 11.75], "texture": "#1"},
				"east": {"uv": [10.75, 11, 10.875, 11.75], "texture": "#1"},
				"south": {"uv": [10.75, 11, 10.875, 11.75], "texture": "#1"},
				"west": {"uv": [10.75, 11, 10.875, 11.75], "texture": "#1"},
				"up": {"uv": [10.75, 11.125, 10.875, 11], "texture": "#1"},
				"down": {"uv": [10.75, 11.75, 10.875, 11.625], "texture": "#1"}
			}
		},
		{
			"from": [8.775, 6.7, 7.425],
			"to": [8.9, 7.075, 7.625],
			"rotation": {"angle": 0, "axis": "y", "origin": [0.875, 1.475, 0]},
			"faces": {
				"north": {"uv": [11.25, 11.25, 11.125, 11.625], "texture": "#1"},
				"east": {"uv": [11.125, 11.25, 11.25, 11.625], "texture": "#1"},
				"south": {"uv": [11.125, 11.25, 11.25, 11.625], "texture": "#1"},
				"west": {"uv": [11.125, 11.25, 11.25, 11.625], "texture": "#1"},
				"up": {"uv": [11.125, 11.375, 11.25, 11.25], "texture": "#1"},
				"down": {"uv": [11.125, 11.625, 11.25, 11.5], "texture": "#1"}
			}
		},
		{
			"from": [8.525, 6.575, 7.425],
			"to": [8.775, 7.2, 7.625],
			"rotation": {"angle": 0, "axis": "y", "origin": [0.75, 1.35, 0]},
			"faces": {
				"north": {"uv": [11.125, 11.125, 10.875, 11.75], "texture": "#1"},
				"east": {"uv": [11, 11.125, 11.125, 11.75], "texture": "#1"},
				"south": {"uv": [10.875, 11.125, 11.125, 11.75], "texture": "#1"},
				"west": {"uv": [10.875, 11.125, 11, 11.75], "texture": "#1"},
				"up": {"uv": [10.875, 11.25, 11.125, 11.125], "texture": "#1"},
				"down": {"uv": [10.875, 11.75, 11.125, 11.625], "texture": "#1"}
			}
		},
		{
			"from": [6.525, 6.7, 7.425],
			"to": [6.65, 7.075, 7.625],
			"rotation": {"angle": 0, "axis": "y", "origin": [-1.375, 1.475, 0]},
			"faces": {
				"north": {"uv": [9, 11.25, 8.875, 11.625], "texture": "#1"},
				"east": {"uv": [8.875, 11.25, 9, 11.625], "texture": "#1"},
				"south": {"uv": [8.875, 11.25, 9, 11.625], "texture": "#1"},
				"west": {"uv": [8.875, 11.25, 9, 11.625], "texture": "#1"},
				"up": {"uv": [8.875, 11.375, 9, 11.25], "texture": "#1"},
				"down": {"uv": [8.875, 11.625, 9, 11.5], "texture": "#1"}
			}
		},
		{
			"from": [6.9, 6.575, 7.425],
			"to": [7.025, 7.325, 7.625],
			"rotation": {"angle": 0, "axis": "y", "origin": [-1, 1.35, 0]},
			"faces": {
				"north": {"uv": [9.375, 11, 9.25, 11.75], "texture": "#1"},
				"east": {"uv": [9.25, 11, 9.375, 11.75], "texture": "#1"},
				"south": {"uv": [9.25, 11, 9.375, 11.75], "texture": "#1"},
				"west": {"uv": [9.25, 11, 9.375, 11.75], "texture": "#1"},
				"up": {"uv": [9.25, 11.125, 9.375, 11], "texture": "#1"},
				"down": {"uv": [9.25, 11.75, 9.375, 11.625], "texture": "#1"}
			}
		},
		{
			"from": [7.025, 6.7, 7.425],
			"to": [7.15, 7.325, 7.625],
			"rotation": {"angle": 0, "axis": "y", "origin": [-0.875, 1.35, 0]},
			"faces": {
				"north": {"uv": [9.5, 11, 9.375, 11.625], "texture": "#1"},
				"east": {"uv": [9.375, 11, 9.5, 11.625], "texture": "#1"},
				"south": {"uv": [9.375, 11, 9.5, 11.625], "texture": "#1"},
				"west": {"uv": [9.375, 11, 9.5, 11.625], "texture": "#1"},
				"up": {"uv": [9.375, 11.125, 9.5, 11], "texture": "#1"},
				"down": {"uv": [9.375, 11.625, 9.5, 11.5], "texture": "#1"}
			}
		},
		{
			"from": [8.025, 6.95, 7.325],
			"to": [8.275, 7.325, 7.725],
			"rotation": {"angle": 0, "axis": "y", "origin": [0.25, 1.475, 0]},
			"faces": {
				"north": {"uv": [10.625, 11, 10.375, 11.375], "texture": "#1"},
				"east": {"uv": [10.5, 11, 10.625, 11.375], "texture": "#1"},
				"south": {"uv": [10.375, 11, 10.625, 11.375], "texture": "#1"},
				"west": {"uv": [10.375, 11, 10.5, 11.375], "texture": "#1"},
				"up": {"uv": [10.375, 11.125, 10.625, 11], "texture": "#1"},
				"down": {"uv": [10.375, 11.375, 10.625, 11.25], "texture": "#1"}
			}
		},
		{
			"from": [7.15, 7.325, 7.25],
			"to": [8.275, 9.2, 7.8],
			"rotation": {"angle": 0, "axis": "y", "origin": [0, 2.5, 0]},
			"faces": {
				"north": {"uv": [10.625, 6.25, 9.5, 8.125], "texture": "#1"},
				"east": {"uv": [10.5, 9.125, 10.625, 11], "texture": "#1"},
				"south": {"uv": [9.5, 9.125, 10.625, 11], "texture": "#1"},
				"west": {"uv": [9.5, 9.125, 9.625, 11], "texture": "#1"},
				"up": {"uv": [9.5, 9.25, 10.625, 9.125], "texture": "#1"},
				"down": {"uv": [9.5, 11, 10.625, 10.875], "texture": "#1"}
			}
		},
		{
			"from": [6.65, 7.2, 7.35],
			"to": [6.9, 8.95, 7.7],
			"rotation": {"angle": 0, "axis": "y", "origin": [-0.5, 2.375, 0]},
			"faces": {
				"north": {"uv": [9.25, 6.5, 9, 8.25], "texture": "#1"},
				"east": {"uv": [9.125, 9.375, 9.25, 11.125], "texture": "#1"},
				"south": {"uv": [9, 9.375, 9.25, 11.125], "texture": "#1"},
				"west": {"uv": [9, 9.375, 9.125, 11.125], "texture": "#1"},
				"up": {"uv": [9, 9.5, 9.25, 9.375], "texture": "#1"},
				"down": {"uv": [9, 11.125, 9.25, 11], "texture": "#1"}
			}
		},
		{
			"from": [7.025, 7.325, 7.25],
			"to": [7.15, 9.075, 7.8],
			"rotation": {"angle": 0, "axis": "y", "origin": [-0.25, 2.5, 0]},
			"faces": {
				"north": {"uv": [9.5, 6.375, 9.375, 8.125], "texture": "#1"},
				"east": {"uv": [9.375, 9.25, 9.5, 11], "texture": "#1"},
				"south": {"uv": [9.375, 9.25, 9.5, 11], "texture": "#1"},
				"west": {"uv": [9.375, 9.25, 9.5, 11], "texture": "#1"},
				"up": {"uv": [9.375, 9.375, 9.5, 9.25], "texture": "#1"},
				"down": {"uv": [9.375, 11, 9.5, 10.875], "texture": "#1"}
			}
		},
		{
			"from": [8.525, 7.825, 7.25],
			"to": [8.65, 8.325, 7.8],
			"rotation": {"angle": 0, "axis": "y", "origin": [1.25, 2.5, 0]},
			"faces": {
				"north": {"uv": [11, 7.125, 10.875, 7.625], "texture": "#1"},
				"east": {"uv": [10.875, 10, 11, 10.5], "texture": "#1"},
				"south": {"uv": [10.875, 10, 11, 10.5], "texture": "#1"},
				"west": {"uv": [10.875, 10, 11, 10.5], "texture": "#1"},
				"up": {"uv": [10.875, 10.125, 11, 10], "texture": "#1"},
				"down": {"uv": [10.875, 10.5, 11, 10.375], "texture": "#1"}
			}
		},
		{
			"from": [8.4, 7.45, 7.25],
			"to": [8.525, 8.7, 7.8],
			"rotation": {"angle": 0, "axis": "y", "origin": [1.125, 2.5, 0]},
			"faces": {
				"north": {"uv": [10.875, 6.75, 10.75, 8], "texture": "#1"},
				"east": {"uv": [10.75, 9.625, 10.875, 10.875], "texture": "#1"},
				"south": {"uv": [10.75, 9.625, 10.875, 10.875], "texture": "#1"},
				"west": {"uv": [10.75, 9.625, 10.875, 10.875], "texture": "#1"},
				"up": {"uv": [10.75, 9.75, 10.875, 9.625], "texture": "#1"},
				"down": {"uv": [10.75, 10.875, 10.875, 10.75], "texture": "#1"}
			}
		},
		{
			"from": [8.275, 7.325, 7.25],
			"to": [8.4, 9.075, 7.8],
			"rotation": {"angle": 0, "axis": "y", "origin": [1, 2.5, 0]},
			"faces": {
				"north": {"uv": [10.75, 6.375, 10.625, 8.125], "texture": "#1"},
				"east": {"uv": [10.625, 9.25, 10.75, 11], "texture": "#1"},
				"south": {"uv": [10.625, 9.25, 10.75, 11], "texture": "#1"},
				"west": {"uv": [10.625, 9.25, 10.75, 11], "texture": "#1"},
				"up": {"uv": [10.625, 9.375, 10.75, 9.25], "texture": "#1"},
				"down": {"uv": [10.625, 11, 10.75, 10.875], "texture": "#1"}
			}
		},
		{
			"from": [6.9, 7.45, 7.25],
			"to": [7.025, 8.7, 7.8],
			"rotation": {"angle": 0, "axis": "y", "origin": [-0.375, 2.5, 0]},
			"faces": {
				"north": {"uv": [9.375, 6.75, 9.25, 8], "texture": "#1"},
				"east": {"uv": [9.25, 9.625, 9.375, 10.875], "texture": "#1"},
				"south": {"uv": [9.25, 9.625, 9.375, 10.875], "texture": "#1"},
				"west": {"uv": [9.25, 9.625, 9.375, 10.875], "texture": "#1"},
				"up": {"uv": [9.25, 9.75, 9.375, 9.625], "texture": "#1"},
				"down": {"uv": [9.25, 10.875, 9.375, 10.75], "texture": "#1"}
			}
		},
		{
			"from": [6.775, 7.825, 7.25],
			"to": [6.9, 8.325, 7.8],
			"rotation": {"angle": 0, "axis": "y", "origin": [-0.5, 2.5, 0]},
			"faces": {
				"north": {"uv": [9.25, 7.125, 9.125, 7.625], "texture": "#1"},
				"east": {"uv": [9.125, 10, 9.25, 10.5], "texture": "#1"},
				"south": {"uv": [9.125, 10, 9.25, 10.5], "texture": "#1"},
				"west": {"uv": [9.125, 10, 9.25, 10.5], "texture": "#1"},
				"up": {"uv": [9.125, 10.125, 9.25, 10], "texture": "#1"},
				"down": {"uv": [9.125, 10.5, 9.25, 10.375], "texture": "#1"}
			}
		},
		{
			"from": [7.6, 3.575, 7.325],
			"to": [7.825, 6.95, 7.725],
			"rotation": {"angle": 0, "axis": "y", "origin": [0, 1.875, 0]},
			"faces": {
				"north": {"uv": [10.25, 11.375, 9.875, 14.75], "texture": "#1"},
				"east": {"uv": [11.25, 11.375, 11.875, 14.75], "texture": "#1"},
				"south": {"uv": [9.875, 11.375, 10.25, 14.75], "texture": "#1"},
				"west": {"uv": [8.25, 11.375, 8.875, 14.75], "texture": "#1"},
				"up": {"uv": [9.75, 11.5, 10.375, 11.375], "texture": "#1"},
				"down": {"uv": [9.75, 14.75, 10.375, 14.625], "texture": "#1"}
			}
		},
		{
			"from": [7.45, 3.575, 7.425],
			"to": [7.975, 6.95, 7.625],
			"rotation": {"angle": 0, "axis": "y", "origin": [0, 1.875, 0]},
			"faces": {
				"north": {"uv": [10.375, 11.375, 9.75, 14.75], "texture": "#1"},
				"east": {"uv": [11.375, 11.375, 11.75, 14.75], "texture": "#1"},
				"south": {"uv": [9.75, 11.375, 10.375, 14.75], "texture": "#1"},
				"west": {"uv": [8.375, 11.375, 8.75, 14.75], "texture": "#1"},
				"up": {"uv": [9.75, 11.5, 10.375, 11.375], "texture": "#1"},
				"down": {"uv": [9.75, 14.75, 10.375, 14.625], "texture": "#1"}
			}
		},
		{
			"from": [8.9, 14.675, 7.475],
			"to": [9.025, 22.05, 7.575],
			"rotation": {"angle": 0, "axis": "y", "origin": [1.25, 2.975, 0]},
			"faces": {
				"north": {"uv": [3.75, 3.125, 3.625, 10.5], "texture": "#1"},
				"east": {"uv": [3.625, 3.125, 3.75, 10.5], "texture": "#1"},
				"south": {"uv": [3.625, 3.125, 3.75, 10.5], "texture": "#1"},
				"west": {"uv": [3.625, 3.125, 3.75, 10.5], "texture": "#1"},
				"up": {"uv": [3.625, 3.25, 3.75, 3.125], "texture": "#1"},
				"down": {"uv": [3.625, 10.5, 3.75, 10.375], "texture": "#1"}
			}
		},
		{
			"from": [7.4, 20.3, 7.475],
			"to": [7.525, 20.55, 7.575],
			"rotation": {"angle": 0, "axis": "y", "origin": [-0.25, 8.6, 0]},
			"faces": {
				"north": {"uv": [2.25, 4.625, 2.125, 4.875], "texture": "#1"},
				"east": {"uv": [2.125, 4.625, 2.25, 4.875], "texture": "#1"},
				"south": {"uv": [2.125, 4.625, 2.25, 4.875], "texture": "#1"},
				"west": {"uv": [2.125, 4.625, 2.25, 4.875], "texture": "#1"},
				"up": {"uv": [2.125, 4.75, 2.25, 4.625], "texture": "#1"},
				"down": {"uv": [2.125, 4.875, 2.25, 4.75], "texture": "#1"}
			}
		},
		{
			"from": [7.525, 20.425, 7.475],
			"to": [7.65, 20.675, 7.575],
			"rotation": {"angle": 0, "axis": "y", "origin": [-0.125, 8.725, 0]},
			"faces": {
				"north": {"uv": [2.375, 4.5, 2.25, 4.75], "texture": "#1"},
				"east": {"uv": [2.25, 4.5, 2.375, 4.75], "texture": "#1"},
				"south": {"uv": [2.25, 4.5, 2.375, 4.75], "texture": "#1"},
				"west": {"uv": [2.25, 4.5, 2.375, 4.75], "texture": "#1"},
				"up": {"uv": [2.25, 4.625, 2.375, 4.5], "texture": "#1"},
				"down": {"uv": [2.25, 4.75, 2.375, 4.625], "texture": "#1"}
			}
		},
		{
			"from": [7.65, 20.55, 7.475],
			"to": [7.775, 20.8, 7.575],
			"rotation": {"angle": 0, "axis": "y", "origin": [0, 8.85, 0]},
			"faces": {
				"north": {"uv": [2.5, 4.375, 2.375, 4.625], "texture": "#1"},
				"east": {"uv": [2.375, 4.375, 2.5, 4.625], "texture": "#1"},
				"south": {"uv": [2.375, 4.375, 2.5, 4.625], "texture": "#1"},
				"west": {"uv": [2.375, 4.375, 2.5, 4.625], "texture": "#1"},
				"up": {"uv": [2.375, 4.5, 2.5, 4.375], "texture": "#1"},
				"down": {"uv": [2.375, 4.625, 2.5, 4.5], "texture": "#1"}
			}
		},
		{
			"from": [8.025, 20.925, 7.475],
			"to": [8.15, 21.175, 7.575],
			"rotation": {"angle": 0, "axis": "y", "origin": [0.375, 9.225, 0]},
			"faces": {
				"north": {"uv": [2.875, 4, 2.75, 4.25], "texture": "#1"},
				"east": {"uv": [2.75, 4, 2.875, 4.25], "texture": "#1"},
				"south": {"uv": [2.75, 4, 2.875, 4.25], "texture": "#1"},
				"west": {"uv": [2.75, 4, 2.875, 4.25], "texture": "#1"},
				"up": {"uv": [2.75, 4.125, 2.875, 4], "texture": "#1"},
				"down": {"uv": [2.75, 4.25, 2.875, 4.125], "texture": "#1"}
			}
		},
		{
			"from": [7.9, 20.8, 7.475],
			"to": [8.025, 21.05, 7.575],
			"rotation": {"angle": 0, "axis": "y", "origin": [0.25, 9.1, 0]},
			"faces": {
				"north": {"uv": [2.75, 4.125, 2.625, 4.375], "texture": "#1"},
				"east": {"uv": [2.625, 4.125, 2.75, 4.375], "texture": "#1"},
				"south": {"uv": [2.625, 4.125, 2.75, 4.375], "texture": "#1"},
				"west": {"uv": [2.625, 4.125, 2.75, 4.375], "texture": "#1"},
				"up": {"uv": [2.625, 4.25, 2.75, 4.125], "texture": "#1"},
				"down": {"uv": [2.625, 4.375, 2.75, 4.25], "texture": "#1"}
			}
		},
		{
			"from": [7.775, 20.675, 7.475],
			"to": [7.9, 20.925, 7.575],
			"rotation": {"angle": 0, "axis": "y", "origin": [0.125, 8.975, 0]},
			"faces": {
				"north": {"uv": [2.625, 4.25, 2.5, 4.5], "texture": "#1"},
				"east": {"uv": [2.5, 4.25, 2.625, 4.5], "texture": "#1"},
				"south": {"uv": [2.5, 4.25, 2.625, 4.5], "texture": "#1"},
				"west": {"uv": [2.5, 4.25, 2.625, 4.5], "texture": "#1"},
				"up": {"uv": [2.5, 4.375, 2.625, 4.25], "texture": "#1"},
				"down": {"uv": [2.5, 4.5, 2.625, 4.375], "texture": "#1"}
			}
		},
		{
			"from": [7.275, 13.8, 7.475],
			"to": [7.4, 20.425, 7.575],
			"rotation": {"angle": 0, "axis": "y", "origin": [-0.375, 2.1, 0]},
			"faces": {
				"north": {"uv": [2.125, 4.75, 2, 11.375], "texture": "#1"},
				"east": {"uv": [2, 4.75, 2.125, 11.375], "texture": "#1"},
				"south": {"uv": [2, 4.75, 2.125, 11.375], "texture": "#1"},
				"west": {"uv": [2, 4.75, 2.125, 11.375], "texture": "#1"},
				"up": {"uv": [2, 4.875, 2.125, 4.75], "texture": "#1"},
				"down": {"uv": [2, 11.375, 2.125, 11.25], "texture": "#1"}
			}
		},
		{
			"from": [7.025, 9.55, 7.475],
			"to": [7.15, 13.925, 7.575],
			"rotation": {"angle": 0, "axis": "y", "origin": [-0.625, -2.15, 0]},
			"faces": {
				"north": {"uv": [1.875, 11.25, 1.75, 15.625], "texture": "#1"},
				"east": {"uv": [1.75, 11.25, 1.875, 15.625], "texture": "#1"},
				"south": {"uv": [1.75, 11.25, 1.875, 15.625], "texture": "#1"},
				"west": {"uv": [1.75, 11.25, 1.875, 15.625], "texture": "#1"},
				"up": {"uv": [1.75, 11.375, 1.875, 11.25], "texture": "#1"},
				"down": {"uv": [1.75, 15.625, 1.875, 15.5], "texture": "#1"}
			}
		},
		{
			"from": [6.9, 9.675, 7.475],
			"to": [7.025, 13.8, 7.575],
			"rotation": {"angle": 0, "axis": "y", "origin": [-0.75, -2.275, 0]},
			"faces": {
				"north": {"uv": [1.75, 11.375, 1.625, 15.5], "texture": "#1"},
				"east": {"uv": [1.625, 11.375, 1.75, 15.5], "texture": "#1"},
				"south": {"uv": [1.625, 11.375, 1.75, 15.5], "texture": "#1"},
				"west": {"uv": [1.625, 11.375, 1.75, 15.5], "texture": "#1"},
				"up": {"uv": [1.625, 11.5, 1.75, 11.375], "texture": "#1"},
				"down": {"uv": [1.625, 15.5, 1.75, 15.375], "texture": "#1"}
			}
		},
		{
			"from": [6.775, 9.8, 7.475],
			"to": [6.9, 13.675, 7.575],
			"rotation": {"angle": 0, "axis": "y", "origin": [-0.875, -2.15, 0]},
			"faces": {
				"north": {"uv": [1.625, 11.5, 1.5, 15.375], "texture": "#1"},
				"east": {"uv": [1.5, 11.5, 1.625, 15.375], "texture": "#1"},
				"south": {"uv": [1.5, 11.5, 1.625, 15.375], "texture": "#1"},
				"west": {"uv": [1.5, 11.5, 1.625, 15.375], "texture": "#1"},
				"up": {"uv": [1.5, 11.625, 1.625, 11.5], "texture": "#1"},
				"down": {"uv": [1.5, 15.375, 1.625, 15.25], "texture": "#1"}
			}
		},
		{
			"from": [6.65, 9.925, 7.475],
			"to": [6.775, 13.55, 7.575],
			"rotation": {"angle": 0, "axis": "y", "origin": [-1, -2.275, 0]},
			"faces": {
				"north": {"uv": [1.5, 11.625, 1.375, 15.25], "texture": "#1"},
				"east": {"uv": [1.375, 11.625, 1.5, 15.25], "texture": "#1"},
				"south": {"uv": [1.375, 11.625, 1.5, 15.25], "texture": "#1"},
				"west": {"uv": [1.375, 11.625, 1.5, 15.25], "texture": "#1"},
				"up": {"uv": [1.375, 11.75, 1.5, 11.625], "texture": "#1"},
				"down": {"uv": [1.375, 15.25, 1.5, 15.125], "texture": "#1"}
			}
		},
		{
			"from": [7.275, 9.175, 7.4],
			"to": [7.4, 13.8, 7.65],
			"rotation": {"angle": 0, "axis": "y", "origin": [-0.375, -2.15, 0]},
			"faces": {
				"north": {"uv": [2.125, 11.375, 2, 16], "texture": "#1"},
				"east": {"uv": [2, 11.375, 2.125, 16], "texture": "#1"},
				"south": {"uv": [2, 11.375, 2.125, 16], "texture": "#1"},
				"west": {"uv": [2, 11.375, 2.125, 16], "texture": "#1"},
				"up": {"uv": [2, 11.5, 2.125, 11.375], "texture": "#1"},
				"down": {"uv": [2, 16, 2.125, 15.875], "texture": "#1"}
			}
		},
		{
			"from": [7.15, 9.675, 7.4],
			"to": [7.275, 13.675, 7.65],
			"rotation": {"angle": 0, "axis": "y", "origin": [-0.5, -2.275, 0]},
			"faces": {
				"north": {"uv": [2, 11.5, 1.875, 15.5], "texture": "#1"},
				"east": {"uv": [1.875, 11.5, 2, 15.5], "texture": "#1"},
				"south": {"uv": [1.875, 11.5, 2, 15.5], "texture": "#1"},
				"west": {"uv": [1.875, 11.5, 2, 15.5], "texture": "#1"},
				"up": {"uv": [1.875, 11.625, 2, 11.5], "texture": "#1"},
				"down": {"uv": [1.875, 15.5, 2, 15.375], "texture": "#1"}
			}
		},
		{
			"from": [7.025, 9.8, 7.4],
			"to": [7.15, 13.675, 7.65],
			"rotation": {"angle": 0, "axis": "y", "origin": [-0.625, -2.15, 0]},
			"faces": {
				"north": {"uv": [1.875, 11.5, 1.75, 15.375], "texture": "#1"},
				"east": {"uv": [1.75, 11.5, 1.875, 15.375], "texture": "#1"},
				"south": {"uv": [1.75, 11.5, 1.875, 15.375], "texture": "#1"},
				"west": {"uv": [1.75, 11.5, 1.875, 15.375], "texture": "#1"},
				"up": {"uv": [1.75, 11.625, 1.875, 11.5], "texture": "#1"},
				"down": {"uv": [1.75, 15.375, 1.875, 15.25], "texture": "#1"}
			}
		},
		{
			"from": [6.9, 9.925, 7.4],
			"to": [7.025, 13.55, 7.65],
			"rotation": {"angle": 0, "axis": "y", "origin": [-0.75, -2.275, 0]},
			"faces": {
				"north": {"uv": [1.75, 11.625, 1.625, 15.25], "texture": "#1"},
				"east": {"uv": [1.625, 11.625, 1.75, 15.25], "texture": "#1"},
				"south": {"uv": [1.625, 11.625, 1.75, 15.25], "texture": "#1"},
				"west": {"uv": [1.625, 11.625, 1.75, 15.25], "texture": "#1"},
				"up": {"uv": [1.625, 11.75, 1.75, 11.625], "texture": "#1"},
				"down": {"uv": [1.625, 15.25, 1.75, 15.125], "texture": "#1"}
			}
		},
		{
			"from": [7.15, 9.175, 7.475],
			"to": [7.275, 20.3, 7.575],
			"rotation": {"angle": 0, "axis": "y", "origin": [-0.5, 2.975, 0]},
			"faces": {
				"north": {"uv": [2, 4.875, 1.875, 16], "texture": "#1"},
				"east": {"uv": [1.875, 4.875, 2, 16], "texture": "#1"},
				"south": {"uv": [1.875, 4.875, 2, 16], "texture": "#1"},
				"west": {"uv": [1.875, 4.875, 2, 16], "texture": "#1"},
				"up": {"uv": [1.875, 5, 2, 4.875], "texture": "#1"},
				"down": {"uv": [1.875, 16, 2, 15.875], "texture": "#1"}
			}
		},
		{
			"from": [8.275, 10.8, 7.475],
			"to": [8.4, 21.425, 7.575],
			"rotation": {"angle": 0, "axis": "y", "origin": [0.625, 4.1, 0]},
			"faces": {
				"north": {"uv": [3.125, 3.75, 3, 14.375], "texture": "#1"},
				"east": {"uv": [3, 3.75, 3.125, 14.375], "texture": "#1"},
				"south": {"uv": [3, 3.75, 3.125, 14.375], "texture": "#1"},
				"west": {"uv": [3, 3.75, 3.125, 14.375], "texture": "#1"},
				"up": {"uv": [3, 3.875, 3.125, 3.75], "texture": "#1"},
				"down": {"uv": [3, 14.375, 3.125, 14.25], "texture": "#1"}
			}
		},
		{
			"from": [8.65, 14.675, 7.4],
			"to": [8.775, 21.55, 7.65],
			"rotation": {"angle": 0, "axis": "y", "origin": [1, 2.725, 0]},
			"faces": {
				"north": {"uv": [3.5, 3.625, 3.375, 10.5], "texture": "#1"},
				"east": {"uv": [3.375, 3.625, 3.5, 10.5], "texture": "#1"},
				"south": {"uv": [3.375, 3.625, 3.5, 10.5], "texture": "#1"},
				"west": {"uv": [3.375, 3.625, 3.5, 10.5], "texture": "#1"},
				"up": {"uv": [3.375, 3.75, 3.5, 3.625], "texture": "#1"},
				"down": {"uv": [3.375, 10.5, 3.5, 10.375], "texture": "#1"}
			}
		},
		{
			"from": [8.525, 14.55, 7.4],
			"to": [8.65, 21.425, 7.65],
			"rotation": {"angle": 0, "axis": "y", "origin": [0.875, 4.35, 0]},
			"faces": {
				"north": {"uv": [3.375, 3.75, 3.25, 10.625], "texture": "#1"},
				"east": {"uv": [3.25, 3.75, 3.375, 10.625], "texture": "#1"},
				"south": {"uv": [3.25, 3.75, 3.375, 10.625], "texture": "#1"},
				"west": {"uv": [3.25, 3.75, 3.375, 10.625], "texture": "#1"},
				"up": {"uv": [3.25, 3.875, 3.375, 3.75], "texture": "#1"},
				"down": {"uv": [3.25, 10.625, 3.375, 10.5], "texture": "#1"}
			}
		},
		{
			"from": [8.4, 14.425, 7.4],
			"to": [8.525, 21.3, 7.65],
			"rotation": {"angle": 0, "axis": "y", "origin": [0.75, 4.225, 0]},
			"faces": {
				"north": {"uv": [3.25, 3.875, 3.125, 10.75], "texture": "#1"},
				"east": {"uv": [3.125, 3.875, 3.25, 10.75], "texture": "#1"},
				"south": {"uv": [3.125, 3.875, 3.25, 10.75], "texture": "#1"},
				"west": {"uv": [3.125, 3.875, 3.25, 10.75], "texture": "#1"},
				"up": {"uv": [3.125, 4, 3.25, 3.875], "texture": "#1"},
				"down": {"uv": [3.125, 10.75, 3.25, 10.625], "texture": "#1"}
			}
		},
		{
			"from": [8.275, 11.05, 7.4],
			"to": [8.4, 21.175, 7.65],
			"rotation": {"angle": 0, "axis": "y", "origin": [0.625, 4.1, 0]},
			"faces": {
				"north": {"uv": [3.125, 4, 3, 14.125], "texture": "#1"},
				"east": {"uv": [3, 4, 3.125, 14.125], "texture": "#1"},
				"south": {"uv": [3, 4, 3.125, 14.125], "texture": "#1"},
				"west": {"uv": [3, 4, 3.125, 14.125], "texture": "#1"},
				"up": {"uv": [3, 4.125, 3.125, 4], "texture": "#1"},
				"down": {"uv": [3, 14.125, 3.125, 14], "texture": "#1"}
			}
		},
		{
			"from": [8.15, 10.925, 7.4],
			"to": [8.275, 21.05, 7.65],
			"rotation": {"angle": 0, "axis": "y", "origin": [0.5, 3.975, 0]},
			"faces": {
				"north": {"uv": [3, 4.125, 2.875, 14.25], "texture": "#1"},
				"east": {"uv": [2.875, 4.125, 3, 14.25], "texture": "#1"},
				"south": {"uv": [2.875, 4.125, 3, 14.25], "texture": "#1"},
				"west": {"uv": [2.875, 4.125, 3, 14.25], "texture": "#1"},
				"up": {"uv": [2.875, 4.25, 3, 4.125], "texture": "#1"},
				"down": {"uv": [2.875, 14.25, 3, 14.125], "texture": "#1"}
			}
		},
		{
			"from": [8.025, 9.175, 7.4],
			"to": [8.15, 20.925, 7.65],
			"rotation": {"angle": 0, "axis": "y", "origin": [0.375, 2.225, 0]},
			"faces": {
				"north": {"uv": [2.875, 4.25, 2.75, 16], "texture": "#1"},
				"east": {"uv": [2.75, 4.25, 2.875, 16], "texture": "#1"},
				"south": {"uv": [2.75, 4.25, 2.875, 16], "texture": "#1"},
				"west": {"uv": [2.75, 4.25, 2.875, 16], "texture": "#1"},
				"up": {"uv": [2.75, 4.375, 2.875, 4.25], "texture": "#1"},
				"down": {"uv": [2.75, 16, 2.875, 15.875], "texture": "#1"}
			}
		},
		{
			"from": [7.9, 9.175, 7.4],
			"to": [8.025, 20.8, 7.65],
			"rotation": {"angle": 0, "axis": "y", "origin": [0.25, 2.225, 0]},
			"faces": {
				"north": {"uv": [2.75, 4.375, 2.625, 16], "texture": "#1"},
				"east": {"uv": [2.625, 4.375, 2.75, 16], "texture": "#1"},
				"south": {"uv": [2.625, 4.375, 2.75, 16], "texture": "#1"},
				"west": {"uv": [2.625, 4.375, 2.75, 16], "texture": "#1"},
				"up": {"uv": [2.625, 4.5, 2.75, 4.375], "texture": "#1"},
				"down": {"uv": [2.625, 16, 2.75, 15.875], "texture": "#1"}
			}
		},
		{
			"from": [7.775, 9.175, 7.4],
			"to": [7.9, 20.675, 7.65],
			"rotation": {"angle": 0, "axis": "y", "origin": [0.125, 2.225, 0]},
			"faces": {
				"north": {"uv": [2.625, 4.5, 2.5, 16], "texture": "#1"},
				"east": {"uv": [2.5, 4.5, 2.625, 16], "texture": "#1"},
				"south": {"uv": [2.5, 4.5, 2.625, 16], "texture": "#1"},
				"west": {"uv": [2.5, 4.5, 2.625, 16], "texture": "#1"},
				"up": {"uv": [2.5, 4.625, 2.625, 4.5], "texture": "#1"},
				"down": {"uv": [2.5, 16, 2.625, 15.875], "texture": "#1"}
			}
		},
		{
			"from": [7.65, 9.175, 7.4],
			"to": [7.775, 20.55, 7.65],
			"rotation": {"angle": 0, "axis": "y", "origin": [0, 2.225, 0]},
			"faces": {
				"north": {"uv": [2.5, 4.625, 2.375, 16], "texture": "#1"},
				"east": {"uv": [2.375, 4.625, 2.5, 16], "texture": "#1"},
				"south": {"uv": [2.375, 4.625, 2.5, 16], "texture": "#1"},
				"west": {"uv": [2.375, 4.625, 2.5, 16], "texture": "#1"},
				"up": {"uv": [2.375, 4.75, 2.5, 4.625], "texture": "#1"},
				"down": {"uv": [2.375, 16, 2.5, 15.875], "texture": "#1"}
			}
		},
		{
			"from": [7.525, 9.175, 7.4],
			"to": [7.65, 20.425, 7.65],
			"rotation": {"angle": 0, "axis": "y", "origin": [-0.125, 2.225, 0]},
			"faces": {
				"north": {"uv": [2.375, 4.75, 2.25, 16], "texture": "#1"},
				"east": {"uv": [2.25, 4.75, 2.375, 16], "texture": "#1"},
				"south": {"uv": [2.25, 4.75, 2.375, 16], "texture": "#1"},
				"west": {"uv": [2.25, 4.75, 2.375, 16], "texture": "#1"},
				"up": {"uv": [2.25, 4.875, 2.375, 4.75], "texture": "#1"},
				"down": {"uv": [2.25, 16, 2.375, 15.875], "texture": "#1"}
			}
		},
		{
			"from": [7.4, 9.175, 7.4],
			"to": [7.525, 20.3, 7.65],
			"rotation": {"angle": 0, "axis": "y", "origin": [-0.25, 2.225, 0]},
			"faces": {
				"north": {"uv": [2.25, 4.875, 2.125, 16], "texture": "#1"},
				"east": {"uv": [2.125, 4.875, 2.25, 16], "texture": "#1"},
				"south": {"uv": [2.125, 4.875, 2.25, 16], "texture": "#1"},
				"west": {"uv": [2.125, 4.875, 2.25, 16], "texture": "#1"},
				"up": {"uv": [2.125, 5, 2.25, 4.875], "texture": "#1"},
				"down": {"uv": [2.125, 16, 2.25, 15.875], "texture": "#1"}
			}
		},
		{
			"from": [8.15, 9.175, 7.475],
			"to": [8.275, 21.3, 7.575],
			"rotation": {"angle": 0, "axis": "y", "origin": [0.5, 2.475, 0]},
			"faces": {
				"north": {"uv": [3, 3.875, 2.875, 16], "texture": "#1"},
				"east": {"uv": [2.875, 3.875, 3, 16], "texture": "#1"},
				"south": {"uv": [2.875, 3.875, 3, 16], "texture": "#1"},
				"west": {"uv": [2.875, 3.875, 3, 16], "texture": "#1"},
				"up": {"uv": [2.875, 4, 3, 3.875], "texture": "#1"},
				"down": {"uv": [2.875, 16, 3, 15.875], "texture": "#1"}
			}
		},
		{
			"from": [8.4, 10.925, 7.475],
			"to": [8.525, 21.55, 7.575],
			"rotation": {"angle": 0, "axis": "y", "origin": [0.75, 4.225, 0]},
			"faces": {
				"north": {"uv": [3.25, 3.625, 3.125, 14.25], "texture": "#1"},
				"east": {"uv": [3.125, 3.625, 3.25, 14.25], "texture": "#1"},
				"south": {"uv": [3.125, 3.625, 3.25, 14.25], "texture": "#1"},
				"west": {"uv": [3.125, 3.625, 3.25, 14.25], "texture": "#1"},
				"up": {"uv": [3.125, 3.75, 3.25, 3.625], "texture": "#1"},
				"down": {"uv": [3.125, 14.25, 3.25, 14.125], "texture": "#1"}
			}
		},
		{
			"from": [8.525, 11.05, 7.475],
			"to": [8.65, 21.675, 7.575],
			"rotation": {"angle": 0, "axis": "y", "origin": [0.875, 4.35, 0]},
			"faces": {
				"north": {"uv": [3.375, 3.5, 3.25, 14.125], "texture": "#1"},
				"east": {"uv": [3.25, 3.5, 3.375, 14.125], "texture": "#1"},
				"south": {"uv": [3.25, 3.5, 3.375, 14.125], "texture": "#1"},
				"west": {"uv": [3.25, 3.5, 3.375, 14.125], "texture": "#1"},
				"up": {"uv": [3.25, 3.625, 3.375, 3.5], "texture": "#1"},
				"down": {"uv": [3.25, 14.125, 3.375, 14], "texture": "#1"}
			}
		},
		{
			"from": [8.775, 14.55, 7.475],
			"to": [8.9, 21.925, 7.575],
			"rotation": {"angle": 0, "axis": "y", "origin": [1.125, 2.85, 0]},
			"faces": {
				"north": {"uv": [3.625, 3.25, 3.5, 10.625], "texture": "#1"},
				"east": {"uv": [3.5, 3.25, 3.625, 10.625], "texture": "#1"},
				"south": {"uv": [3.5, 3.25, 3.625, 10.625], "texture": "#1"},
				"west": {"uv": [3.5, 3.25, 3.625, 10.625], "texture": "#1"},
				"up": {"uv": [3.5, 3.375, 3.625, 3.25], "texture": "#1"},
				"down": {"uv": [3.5, 10.625, 3.625, 10.5], "texture": "#1"}
			}
		},
		{
			"from": [8.65, 14.425, 7.475],
			"to": [8.775, 21.8, 7.575],
			"rotation": {"angle": 0, "axis": "y", "origin": [1, 2.725, 0]},
			"faces": {
				"north": {"uv": [3.5, 3.375, 3.375, 10.75], "texture": "#1"},
				"east": {"uv": [3.375, 3.375, 3.5, 10.75], "texture": "#1"},
				"south": {"uv": [3.375, 3.375, 3.5, 10.75], "texture": "#1"},
				"west": {"uv": [3.375, 3.375, 3.5, 10.75], "texture": "#1"},
				"up": {"uv": [3.375, 3.5, 3.5, 3.375], "texture": "#1"},
				"down": {"uv": [3.375, 10.75, 3.5, 10.625], "texture": "#1"}
			}
		}
	],
	"gui_light": "front",
	"display": {
		"thirdperson_righthand": {
			"rotation": [0, -90, 0],
			"translation": [-1, 1.75, 1.5],
			"scale": [1.4, 1.4, 1.4]
		},
		"thirdperson_lefthand": {
			"rotation": [0, 90, 0],
			"translation": [0.25, 1.75, 1.5],
			"scale": [1.4, 1.4, 1.4]
		},
		"firstperson_righthand": {
			"rotation": [55, -90, 60],
			"translation": [-1.25, 2.25, 1.75],
			"scale": [0.9, 0.9, 0.9]
		},
		"firstperson_lefthand": {
			"rotation": [-65, 90, 60],
			"translation": [-0.75, 2.25, 1.75],
			"scale": [0.9, 0.9, 0.9]
		},
		"ground": {
			"rotation": [45, 90, 0],
			"translation": [0, 1, 0],
			"scale": [0.55, 0.55, 0.55]
		},
		"gui": {
			"rotation": [0, 0, -45],
			"translation": [-3, -3.5, 0]
		},
		"head": {
			"translation": [0, 9.75, 0]
		},
		"fixed": {
			"rotation": [180, 0, 135],
			"translation": [3.75, -4, 0]
		}
	}
}