{
	"format_version": "1.21.6",
	"credit": "Made with Blockbench",
	"texture_size": [64, 64],
	"textures": {
		"0": "civilization:item/cosmetics/pets/ghost_pet",
		"particle": "civilization:item/cosmetics/pets/ghost_pet"
	},
	"elements": [
		{
			"from": [3.525, 2, 3.525],
			"to": [12.475, 12, 12.475],
			"rotation": {"angle": 0, "axis": "y", "origin": [8, -5, 8]},
			"faces": {
				"north": {"uv": [0, 0, 2.25, 2.5], "texture": "#0"},
				"east": {"uv": [2.5, 0, 4.75, 2.5], "texture": "#0"},
				"south": {"uv": [0, 2.75, 2.25, 5.25], "texture": "#0"},
				"west": {"uv": [2.5, 2.75, 4.75, 5.25], "texture": "#0"},
				"up": {"uv": [7.25, 2.25, 5, 0], "texture": "#0"},
				"down": {"uv": [7.25, 2.5, 5, 4.75], "texture": "#0"}
			}
		},
		{
			"from": [5.75, 5, 3.4],
			"to": [6.75, 6.75, 3.4],
			"rotation": {"angle": 0, "axis": "y", "origin": [8, 4, 7.975]},
			"faces": {
				"north": {"uv": [4.25, 8.25, 4.5, 8.75], "texture": "#0"},
				"east": {"uv": [2, 8.75, 2, 9.25], "texture": "#0"},
				"south": {"uv": [4.75, 8.25, 5, 8.75], "texture": "#0"},
				"west": {"uv": [2.25, 8.75, 2.25, 9.25], "texture": "#0"},
				"up": {"uv": [2.75, 8.75, 2.5, 8.75], "texture": "#0"},
				"down": {"uv": [3.25, 8.75, 3, 8.75], "texture": "#0"}
			}
		},
		{
			"from": [9.25, 5, 3.4],
			"to": [10.25, 6.75, 3.4],
			"rotation": {"angle": 0, "axis": "y", "origin": [8, 4, 7.975]},
			"faces": {
				"north": {"uv": [5.25, 8.25, 5.5, 8.75], "texture": "#0"},
				"east": {"uv": [3.5, 8.75, 3.5, 9.25], "texture": "#0"},
				"south": {"uv": [5.75, 8.25, 6, 8.75], "texture": "#0"},
				"west": {"uv": [3.75, 8.75, 3.75, 9.25], "texture": "#0"},
				"up": {"uv": [7.5, 8.75, 7.25, 8.75], "texture": "#0"},
				"down": {"uv": [8, 8.75, 7.75, 8.75], "texture": "#0"}
			}
		},
		{
			"from": [5, 3, 3.475],
			"to": [11, 7, 3.475],
			"rotation": {"angle": 0, "axis": "y", "origin": [8, 7, 7.975]},
			"faces": {
				"north": {"uv": [7.5, 2, 9, 3], "texture": "#0"},
				"east": {"uv": [4, 8.75, 4, 9.75], "texture": "#0"},
				"south": {"uv": [2.5, 7.5, 4, 8.5], "texture": "#0"},
				"west": {"uv": [8.25, 8.75, 8.25, 9.75], "texture": "#0"},
				"up": {"uv": [10, 8.75, 8.5, 8.75], "texture": "#0"},
				"down": {"uv": [5.75, 9, 4.25, 9], "texture": "#0"}
			}
		},
		{
			"from": [3.5, 2, 3.5],
			"to": [12.5, 5, 12.5],
			"rotation": {"angle": 0, "axis": "y", "origin": [8, 5, 8]},
			"faces": {
				"north": {"uv": [2.5, 5.5, 4.75, 6.25], "texture": "#0"},
				"east": {"uv": [2.5, 6.5, 4.75, 7.25], "texture": "#0"},
				"south": {"uv": [7.5, 0, 9.75, 0.75], "texture": "#0"},
				"west": {"uv": [7.5, 1, 9.75, 1.75], "texture": "#0"},
				"up": {"uv": [7.25, 7.25, 5, 5], "texture": "#0"},
				"down": {"uv": [2.25, 5.5, 0, 7.75], "texture": "#0"}
			}
		},
		{
			"from": [3.5, 0, 3.5],
			"to": [12.5, 2, 3.5],
			"rotation": {"angle": 0, "axis": "y", "origin": [8, 5, 8]},
			"faces": {
				"north": {"uv": [7.5, 3.25, 9.75, 3.75], "texture": "#0"},
				"east": {"uv": [6.25, 8.25, 6.25, 8.75], "texture": "#0"},
				"south": {"uv": [7.5, 4, 9.75, 4.5], "texture": "#0"},
				"west": {"uv": [6.5, 8.25, 6.5, 8.75], "texture": "#0"},
				"up": {"uv": [9.75, 7, 7.5, 7], "texture": "#0"},
				"down": {"uv": [9.75, 7.25, 7.5, 7.25], "texture": "#0"}
			}
		},
		{
			"from": [3.5, 0, 12.5],
			"to": [12.5, 2, 12.5],
			"rotation": {"angle": 0, "axis": "y", "origin": [8, 5, 8]},
			"faces": {
				"north": {"uv": [4.25, 7.5, 6.5, 8], "texture": "#0"},
				"east": {"uv": [6.75, 8.25, 6.75, 8.75], "texture": "#0"},
				"south": {"uv": [7.5, 4.75, 9.75, 5.25], "texture": "#0"},
				"west": {"uv": [7, 8.25, 7, 8.75], "texture": "#0"},
				"up": {"uv": [9.5, 8.25, 7.25, 8.25], "texture": "#0"},
				"down": {"uv": [9.5, 8.5, 7.25, 8.5], "texture": "#0"}
			}
		},
		{
			"from": [3.5, 0, 3.5],
			"to": [3.5, 2, 12.5],
			"rotation": {"angle": 0, "axis": "y", "origin": [8, 5, 8]},
			"faces": {
				"north": {"uv": [0, 8.75, 0, 9.25], "texture": "#0"},
				"east": {"uv": [7.5, 5.5, 9.75, 6], "texture": "#0"},
				"south": {"uv": [0.25, 8.75, 0.25, 9.25], "texture": "#0"},
				"west": {"uv": [7.5, 6.25, 9.75, 6.75], "texture": "#0"},
				"up": {"uv": [0.5, 11, 0.5, 8.75], "texture": "#0"},
				"down": {"uv": [0.75, 8.75, 0.75, 11], "texture": "#0"}
			}
		},
		{
			"from": [12.5, 0, 3.5],
			"to": [12.5, 2, 12.5],
			"rotation": {"angle": 0, "axis": "y", "origin": [8, 5, 8]},
			"faces": {
				"north": {"uv": [1, 8.75, 1, 9.25], "texture": "#0"},
				"east": {"uv": [6.75, 7.5, 9, 8], "texture": "#0"},
				"south": {"uv": [1.25, 8.75, 1.25, 9.25], "texture": "#0"},
				"west": {"uv": [0, 8, 2.25, 8.5], "texture": "#0"},
				"up": {"uv": [1.5, 11, 1.5, 8.75], "texture": "#0"},
				"down": {"uv": [1.75, 8.75, 1.75, 11], "texture": "#0"}
			}
		}
	],
	"display": {
		"thirdperson_righthand": {
			"rotation": [68, 0, 0],
			"translation": [0, 2.5, 1.5],
			"scale": [0.65, 0.65, 0.65]
		},
		"thirdperson_lefthand": {
			"rotation": [68, 0, 0],
			"translation": [0, 2.5, 1.5],
			"scale": [0.65, 0.65, 0.65]
		},
		"firstperson_righthand": {
			"translation": [1.25, 3, 0],
			"scale": [0.48, 0.48, 0.48]
		},
		"firstperson_lefthand": {
			"translation": [1.25, 3, 0],
			"scale": [0.48, 0.48, 0.48]
		},
		"ground": {
			"translation": [0, 4, 0],
			"scale": [0.75, 0.75, 0.75]
		},
		"gui": {
			"rotation": [22.5, 135, 0],
			"translation": [0, 1.5, 0],
			"scale": [0.9, 0.9, 0.9]
		},
		"head": {
			"scale": [3.17, 4, 2.23]
		},
		"fixed": {
			"rotation": [-90, 0, 0],
			"translation": [0, 0, -16],
			"scale": [2, 2, 2]
		}
	}
}