{"display":{"thirdperson_righthand":{"rotation":[86,180,0],"translation":[0,7,-4.25],"scale":[0.9,0.9,0.9]},"thirdperson_lefthand":{"rotation":[86,180,0],"translation":[0,7,-4.25],"scale":[0.9,0.9,0.9]},"firstperson_righthand":{"rotation":[16,180,0],"translation":[0,-1,-1.25],"scale":[0.8,0.8,0.8]},"firstperson_lefthand":{"rotation":[16,180,0],"translation":[0,-1,-1.25],"scale":[0.8,0.8,0.8]},"ground":{"rotation":[-26,31,0],"translation":[0,1.75,0],"scale":[0.5,0.5,0.5]},"gui":{"rotation":[22.5,-45,0],"translation":[-1.5,-2.25,0],"scale":[0.7,0.7,0.7]},"head":{"rotation":[3,180,0],"translation":[0,2.5,-11.5],"scale":[1.84,1.84,1.84]},"fixed":{"rotation":[0,90,0],"translation":[1.25,-0.75,0],"scale":[0.6,0.6,0.6]}},"texture_size":[64,64],"textures":{"1":"civilization:item/wearable/chainsaw/chainsaw_animation","2":"civilization:item/wearable/chainsaw/chainsaw_head","particle":"civilization:item/wearable/chainsaw/chainsaw_head"},"elements":[{"from":[7.5,6.6952,4.31305],"to":[8.5,10.6952,19.31305],"rotation":{"angle":0,"axis":"y","origin":[8,10.5702,5.18805]},"faces":{"north":{"uv":[6.25,4.5,6.5,5.5],"texture":"#2"},"east":{"uv":[2,4.5,5.75,5.5],"texture":"#2"},"south":{"uv":[0.25,9,0.5,10],"texture":"#2"},"west":{"uv":[5,2,8.75,3],"texture":"#2"},"up":{"uv":[3,12.25,2.75,8.5],"texture":"#2"},"down":{"uv":[3.25,8.5,3,12.25],"texture":"#2"}}},{"from":[8,6.1952,3.81305],"to":[8,11.1952,19.81305],"rotation":{"angle":0,"axis":"y","origin":[8,10.5702,5.18805]},"faces":{"north":{"uv":[0,0,0,1.25],"texture":"#1"},"east":{"uv":[0,0,16,5],"texture":"#1"},"south":{"uv":[0,0,0,1.25],"texture":"#1"},"west":{"uv":[16,0,0,5],"texture":"#1"},"up":{"uv":[0,4,0,0],"texture":"#1"},"down":{"uv":[0,0,0,4],"texture":"#1"}}},{"from":[4,5.6952,-2.18695],"to":[12,11.6952,5.81305],"rotation":{"angle":0,"axis":"y","origin":[8,10.5702,5.18805]},"faces":{"north":{"uv":[4.5,5.5,6.5,7],"texture":"#2"},"east":{"uv":[6,0,8,1.5],"texture":"#2"},"south":{"uv":[0,6.5,2,8],"texture":"#2"},"west":{"uv":[6.5,4.5,8.5,6],"texture":"#2"},"up":{"uv":[6,2,4,0],"texture":"#2"},"down":{"uv":[2,4.5,0,6.5],"texture":"#2"}}},{"from":[3.5,8.15751,3.81115],"to":[4.5,14.15751,5.81115],"rotation":{"angle":22.5,"axis":"x","origin":[8,12.40751,7.11115]},"faces":{"north":{"uv":[5.25,8.75,5.5,10.25],"texture":"#2"},"east":{"uv":[6,8.5,6.5,10],"texture":"#2"},"south":{"uv":[5.5,8.75,5.75,10.25],"texture":"#2"},"west":{"uv":[6.5,8.5,7,10],"texture":"#2"},"up":{"uv":[9.75,9,9.5,8.5],"texture":"#2"},"down":{"uv":[9.25,9.5,9,10],"texture":"#2"}}},{"from":[11.5,8.15751,3.81115],"to":[12.5,14.15751,5.81115],"rotation":{"angle":22.5,"axis":"x","origin":[8,12.40751,7.11115]},"faces":{"north":{"uv":[5.75,8.75,6,10.25],"texture":"#2"},"east":{"uv":[7,8.5,7.5,10],"texture":"#2"},"south":{"uv":[0,9,0.25,10.5],"texture":"#2"},"west":{"uv":[7.5,8.5,8,10],"texture":"#2"},"up":{"uv":[9.75,9.5,9.5,9],"texture":"#2"},"down":{"uv":[9.5,9.5,9.25,10],"texture":"#2"}}},{"from":[4.5,13.15751,3.81115],"to":[11.5,14.15751,5.81115],"rotation":{"angle":22.5,"axis":"x","origin":[8,12.40751,7.11115]},"faces":{"north":{"uv":[9,3,10.75,3.25],"texture":"#2"},"east":{"uv":[9.5,9.5,10,9.75],"texture":"#2"},"south":{"uv":[9,3.25,10.75,3.5],"texture":"#2"},"west":{"uv":[9.75,0,10.25,0.25],"texture":"#2"},"up":{"uv":[9.75,7.5,8,7],"texture":"#2"},"down":{"uv":[10.25,4.5,8.5,5],"texture":"#2"}}},{"from":[3,5.49549,-5.72395],"to":[13,5.49549,2.27605],"rotation":{"angle":22.5,"axis":"x","origin":[8,3.49549,-1.72395]},"faces":{"north":{"uv":[0,0,2.5,0],"texture":"#2"},"east":{"uv":[0,0,2,0],"texture":"#2"},"south":{"uv":[0,0,2.5,0],"texture":"#2"},"west":{"uv":[0,0,2,0],"texture":"#2"},"up":{"uv":[2.5,4.5,0,2.5],"texture":"#2"},"down":{"uv":[5,2.5,2.5,4.5],"texture":"#2"}}},{"from":[11,5.6952,0.01305],"to":[13,9.6952,5.01305],"rotation":{"angle":22.5,"axis":"x","origin":[8,7.6952,2.81305]},"faces":{"north":{"uv":[5.75,4.5,6.25,5.5],"texture":"#2"},"east":{"uv":[8,0,9.25,1],"texture":"#2"},"south":{"uv":[8.75,2,9.25,3],"texture":"#2"},"west":{"uv":[8,1,9.25,2],"texture":"#2"},"up":{"uv":[8.5,9.75,8,8.5],"texture":"#2"},"down":{"uv":[9,8.5,8.5,9.75],"texture":"#2"}}},{"from":[11,8.1952,-2.18695],"to":[13,10.1952,-0.18695],"rotation":{"angle":22.5,"axis":"y","origin":[12,7.1952,-2.18695]},"faces":{"north":{"uv":[4,2,4.5,2.5],"texture":"#2"},"east":{"uv":[4.5,2,5,2.5],"texture":"#2"},"south":{"uv":[6,7,6.5,7.5],"texture":"#2"},"west":{"uv":[1.5,8,2,8.5],"texture":"#2"},"up":{"uv":[1,9.5,0.5,9],"texture":"#2"},"down":{"uv":[1.5,9,1,9.5],"texture":"#2"}}},{"from":[11,5.1952,-2.18695],"to":[13,7.1952,-0.18695],"rotation":{"angle":22.5,"axis":"y","origin":[12,7.1952,-2.18695]},"faces":{"north":{"uv":[9,3.5,9.5,4],"texture":"#2"},"east":{"uv":[9,7.5,9.5,8],"texture":"#2"},"south":{"uv":[9,8,9.5,8.5],"texture":"#2"},"west":{"uv":[9,8.5,9.5,9],"texture":"#2"},"up":{"uv":[9.5,9.5,9,9],"texture":"#2"},"down":{"uv":[9.75,0,9.25,0.5],"texture":"#2"}}},{"from":[3,8.1952,-2.18695],"to":[5,10.1952,-0.18695],"rotation":{"angle":-22.5,"axis":"y","origin":[4,7.1952,-2.18695]},"faces":{"north":{"uv":[9.25,6,9.75,6.5],"texture":"#2"},"east":{"uv":[9.25,6.5,9.75,7],"texture":"#2"},"south":{"uv":[0.5,9.5,1,10],"texture":"#2"},"west":{"uv":[1,9.5,1.5,10],"texture":"#2"},"up":{"uv":[2,10,1.5,9.5],"texture":"#2"},"down":{"uv":[2.5,9.5,2,10],"texture":"#2"}}},{"from":[3,5.1952,-2.18695],"to":[5,7.1952,-0.18695],"rotation":{"angle":-22.5,"axis":"y","origin":[4,7.1952,-2.18695]},"faces":{"north":{"uv":[9.25,0.5,9.75,1],"texture":"#2"},"east":{"uv":[9.25,1,9.75,1.5],"texture":"#2"},"south":{"uv":[9.25,1.5,9.75,2],"texture":"#2"},"west":{"uv":[9.25,2,9.75,2.5],"texture":"#2"},"up":{"uv":[9.75,3,9.25,2.5],"texture":"#2"},"down":{"uv":[9.75,4,9.25,4.5],"texture":"#2"}}},{"from":[3,5.6952,0.01305],"to":[5,9.6952,5.01305],"rotation":{"angle":22.5,"axis":"x","origin":[8,7.6952,2.81305]},"faces":{"north":{"uv":[4.25,8.75,4.75,9.75],"texture":"#2"},"east":{"uv":[8,6,9.25,7],"texture":"#2"},"south":{"uv":[4.75,8.75,5.25,9.75],"texture":"#2"},"west":{"uv":[1.5,8.5,2.75,9.5],"texture":"#2"},"up":{"uv":[3.75,10,3.25,8.75],"texture":"#2"},"down":{"uv":[4.25,8.75,3.75,10],"texture":"#2"}}},{"from":[5.5,7.6952,-8.68695],"to":[10.5,9.6952,-1.68695],"rotation":{"angle":0,"axis":"y","origin":[8,10.5702,5.18805]},"faces":{"north":{"uv":[8.5,5,9.75,5.5],"texture":"#2"},"east":{"uv":[6,1.5,7.75,2],"texture":"#2"},"south":{"uv":[8.5,5.5,9.75,6],"texture":"#2"},"west":{"uv":[7.5,4,9.25,4.5],"texture":"#2"},"up":{"uv":[4.75,8.75,3.5,7],"texture":"#2"},"down":{"uv":[6,7,4.75,8.75],"texture":"#2"}}},{"from":[5,3.6952,-7.68695],"to":[11,7.6952,-1.68695],"rotation":{"angle":0,"axis":"y","origin":[8,10.5702,5.18805]},"faces":{"north":{"uv":[7.5,3,9,4],"texture":"#2"},"east":{"uv":[6,7.5,7.5,8.5],"texture":"#2"},"south":{"uv":[7.5,7.5,9,8.5],"texture":"#2"},"west":{"uv":[0,8,1.5,9],"texture":"#2"},"up":{"uv":[8,7.5,6.5,6],"texture":"#2"},"down":{"uv":[3.5,7,2,8.5],"texture":"#2"}}},{"from":[7,4.6952,-8.68695],"to":[9,6.6952,-7.68695],"rotation":{"angle":0,"axis":"y","origin":[8,10.5702,5.18805]},"faces":{"north":{"uv":[9.5,3.5,10,4],"texture":"#2"},"east":{"uv":[7.75,1.5,8,2],"texture":"#2"},"south":{"uv":[9.5,7.5,10,8],"texture":"#2"},"west":{"uv":[2.5,9.5,2.75,10],"texture":"#2"},"up":{"uv":[10,8.25,9.5,8],"texture":"#2"},"down":{"uv":[10,8.25,9.5,8.5],"texture":"#2"}}},{"from":[8,8.6952,-7.68695],"to":[8,14.6952,2.31305],"rotation":{"angle":0,"axis":"y","origin":[8,10.5702,5.18805]},"faces":{"north":{"uv":[0,0,0,1.5],"texture":"#2"},"east":{"uv":[5,3,7.5,4.5],"texture":"#2"},"south":{"uv":[0,0,0,1.5],"texture":"#2"},"west":{"uv":[2,5.5,4.5,7],"texture":"#2"},"up":{"uv":[0,2.5,0,0],"texture":"#2"},"down":{"uv":[0,0,0,2.5],"texture":"#2"}}}],"gui_light":"front"}