{"display":{"thirdperson_righthand":{"rotation":[0,20,0],"translation":[0,6.5,-1],"scale":[0.8,0.8,0.8]},"thirdperson_lefthand":{"rotation":[0,20,0],"translation":[0,6.5,-1],"scale":[0.8,0.8,0.8]},"firstperson_righthand":{"rotation":[0,11,0],"translation":[2.5,3.75,-2],"scale":[0.7,0.7,0.7]},"firstperson_lefthand":{"rotation":[0,11,0],"translation":[2.5,3.75,-2],"scale":[0.7,0.7,0.7]},"ground":{"rotation":[20,64,0],"translation":[0,3,0.75],"scale":[0.7,0.7,0.7]},"gui":{"rotation":[22.5,135,0],"translation":[0,2.75,0],"scale":[0.9,0.9,0.9]},"head":{"translation":[0,16.5,0],"scale":[1.83,1.83,1.83]},"fixed":{"translation":[0,3,0]}},"texture_size":[64,64],"textures":{"0":"civilization:item/wearable/cowboy_hat_shiny","particle":"civilization:item/wearable/cowboy_hat_shiny"},"elements":[{"from":[4,1,4],"to":[12,9,12],"rotation":{"angle":0,"axis":"y","origin":[5,1,5]},"faces":{"north":{"uv":[4,2.75,6,4.75],"texture":"#0"},"east":{"uv":[0,4.75,2,6.75],"texture":"#0"},"south":{"uv":[2,4.75,4,6.75],"texture":"#0"},"west":{"uv":[4,4.75,6,6.75],"texture":"#0"},"up":{"uv":[7,2,5,0],"texture":"#0"},"down":{"uv":[8,2,6,4],"texture":"#0"}}},{"from":[6,1,3],"to":[10,5,4],"rotation":{"angle":45,"axis":"z","origin":[8,3,3.5]},"faces":{"north":{"uv":[3,7.5,4,8.5],"texture":"#0"},"east":{"uv":[4,7.5,4.25,8.5],"texture":"#0"},"south":{"uv":[7.5,5.25,8.5,6.25],"texture":"#0"},"west":{"uv":[5.75,8,6,9],"texture":"#0"},"up":{"uv":[9,3.75,8,3.5],"texture":"#0"},"down":{"uv":[9,3.75,8,4],"texture":"#0"}}},{"from":[8.95,6.45,3.95],"to":[12.05,9.55,12.05],"rotation":{"angle":0,"axis":"y","origin":[5,1,5]},"faces":{"north":{"uv":[5,2,5.75,2.75],"texture":"#0"},"east":{"uv":[2.25,6.75,4.25,7.5],"texture":"#0"},"south":{"uv":[8,2,8.75,2.75],"texture":"#0"},"west":{"uv":[6.75,4,8.75,4.75],"texture":"#0"},"up":{"uv":[5,8.75,4.25,6.75],"texture":"#0"},"down":{"uv":[7.5,4.75,6.75,6.75],"texture":"#0"}}},{"from":[3.95,6.45,3.95],"to":[7.05,9.55,12.05],"rotation":{"angle":0,"axis":"y","origin":[5,1,5]},"faces":{"north":{"uv":[8,2.75,8.75,3.5],"texture":"#0"},"east":{"uv":[5,6.75,7,7.5],"texture":"#0"},"south":{"uv":[5,8,5.75,8.75],"texture":"#0"},"west":{"uv":[7,0,9,0.75],"texture":"#0"},"up":{"uv":[7.75,8.75,7,6.75],"texture":"#0"},"down":{"uv":[3,7.5,2.25,9.5],"texture":"#0"}}},{"from":[3.95,1.95,3.95],"to":[12.05,4.05,12.05],"rotation":{"angle":0,"axis":"y","origin":[8,4.5,8]},"faces":{"north":{"uv":[7,0.75,9,1.25],"texture":"#0"},"east":{"uv":[7,1.25,9,1.75],"texture":"#0"},"south":{"uv":[7.5,4.75,9.5,5.25],"texture":"#0"},"west":{"uv":[5,7.5,7,8],"texture":"#0"},"up":{"uv":[2,4.75,0,2.75],"texture":"#0"},"down":{"uv":[4,2.75,2,4.75],"texture":"#0"}}},{"from":[3,0,2.5],"to":[13,1,13.5],"rotation":{"angle":0,"axis":"y","origin":[5,1,5.5]},"faces":{"north":{"uv":[7.75,7.5,10.25,7.75],"texture":"#0"},"east":{"uv":[7,1.75,9.75,2],"texture":"#0"},"south":{"uv":[7.75,7.75,10.25,8],"texture":"#0"},"west":{"uv":[7.5,6.25,10.25,6.5],"texture":"#0"},"up":{"uv":[2.5,2.75,0,0],"texture":"#0"},"down":{"uv":[5,0,2.5,2.75],"texture":"#0"}}},{"from":[0.79289,0.91421,2.5],"to":[3.79289,1.91421,13.5],"rotation":{"angle":-45,"axis":"z","origin":[2.29289,1.41421,8.5]},"faces":{"north":{"uv":[6,8,6.75,8.25],"texture":"#0"},"east":{"uv":[7.5,6.5,10.25,6.75],"texture":"#0"},"south":{"uv":[7.75,8,8.5,8.25],"texture":"#0"},"west":{"uv":[7.75,6.75,10.5,7],"texture":"#0"},"up":{"uv":[6.75,6.75,6,4],"texture":"#0"},"down":{"uv":[0.75,6.75,0,9.5],"texture":"#0"}}},{"from":[12.20711,0.91421,2.5],"to":[15.20711,1.91421,13.5],"rotation":{"angle":45,"axis":"z","origin":[13.70711,1.41421,8.5]},"faces":{"north":{"uv":[6,8.25,6.75,8.5],"texture":"#0"},"east":{"uv":[7.75,7,10.5,7.25],"texture":"#0"},"south":{"uv":[7.75,8.25,8.5,8.5],"texture":"#0"},"west":{"uv":[7.75,7.25,10.5,7.5],"texture":"#0"},"up":{"uv":[1.5,9.5,0.75,6.75],"texture":"#0"},"down":{"uv":[2.25,6.75,1.5,9.5],"texture":"#0"}}}]}