{"display":{"thirdperson_righthand":{"rotation":[0,20,0],"translation":[0,16.75,-1],"scale":[0.8,0.8,0.8]},"thirdperson_lefthand":{"rotation":[0,20,0],"translation":[0,16.75,-1],"scale":[0.8,0.8,0.8]},"firstperson_righthand":{"rotation":[0,11,0],"translation":[2.5,3.75,-2],"scale":[0.7,0.7,0.7]},"firstperson_lefthand":{"rotation":[0,11,0],"translation":[2.5,3.75,-2],"scale":[0.7,0.7,0.7]},"ground":{"rotation":[20,64,0],"translation":[0,13,0.75],"scale":[0.7,0.7,0.7]},"gui":{"rotation":[22.5,135,0],"translation":[0,-0.5,0],"scale":[0.35,0.35,0.35]},"head":{"translation":[0,79.25,0],"scale":[3.66,3.66,3.66]},"fixed":{"translation":[0,13.75,0]}},"texture_size":[64,64],"textures":{"1":"civilization:item/wearable/dimmadome/dimmadome_hat_shiny","particle":"civilization:item/wearable/dimmadome/dimmadome_hat_shiny"},"elements":[{"from":[6,-12.5,6],"to":[10,31.5,10],"rotation":{"angle":0,"axis":"y","origin":[6.5,-12.5,6.5]},"faces":{"north":{"uv":[0,0,1,11],"texture":"#1"},"east":{"uv":[1,0,2,11],"texture":"#1"},"south":{"uv":[2,0,3,11],"texture":"#1"},"west":{"uv":[3,0,4,11],"texture":"#1"},"up":{"uv":[5,4,4,3],"texture":"#1"},"down":{"uv":[5,4,4,5],"texture":"#1"}}},{"from":[7,-12.5,5.5],"to":[9,-10.5,6],"rotation":{"angle":45,"axis":"z","origin":[8,-11.5,5.75]},"faces":{"north":{"uv":[6,5.25,6.5,5.75],"texture":"#1"},"east":{"uv":[6.5,3.5,6.625,4],"texture":"#1"},"south":{"uv":[5.5,6,6,6.5],"texture":"#1"},"west":{"uv":[6.5,4,6.625,4.5],"texture":"#1"},"up":{"uv":[7,5.375,6.5,5.25],"texture":"#1"},"down":{"uv":[6,6.5,5.5,6.625],"texture":"#1"}}},{"from":[8.475,30.225,5.975],"to":[10.025,31.775,10.025],"rotation":{"angle":0,"axis":"y","origin":[6.5,-12.5,6.5]},"faces":{"north":{"uv":[6.25,2,6.625,2.375],"texture":"#1"},"east":{"uv":[5,5.5,6,5.875],"texture":"#1"},"south":{"uv":[4.5,6.25,4.875,6.625],"texture":"#1"},"west":{"uv":[5.75,0,6.75,0.375],"texture":"#1"},"up":{"uv":[6.125,1.5,5.75,0.5],"texture":"#1"},"down":{"uv":[6.125,1.5,5.75,2.5],"texture":"#1"}}},{"from":[5.975,30.225,5.975],"to":[7.525,31.775,10.025],"rotation":{"angle":0,"axis":"y","origin":[6.5,-12.5,6.5]},"faces":{"north":{"uv":[5,6.25,5.375,6.625],"texture":"#1"},"east":{"uv":[5.75,2.5,6.75,2.875],"texture":"#1"},"south":{"uv":[6,6.25,6.375,6.625],"texture":"#1"},"west":{"uv":[6,3,7,3.375],"texture":"#1"},"up":{"uv":[6.375,4.5,6,3.5],"texture":"#1"},"down":{"uv":[4.375,6,4,7],"texture":"#1"}}},{"from":[5.975,-12.025,5.975],"to":[10.025,-10.975,10.025],"rotation":{"angle":0,"axis":"y","origin":[8,-10.75,8]},"faces":{"north":{"uv":[4.5,6,5.5,6.25],"texture":"#1"},"east":{"uv":[6,4.5,7,4.75],"texture":"#1"},"south":{"uv":[6,4.75,7,5],"texture":"#1"},"west":{"uv":[6,5,7,5.25],"texture":"#1"},"up":{"uv":[6,4,5,3],"texture":"#1"},"down":{"uv":[5,5,4,6],"texture":"#1"}}},{"from":[5.5,-13,5.25],"to":[10.5,-12.5,10.75],"rotation":{"angle":0,"axis":"y","origin":[6.5,-12.5,6.75]},"faces":{"north":{"uv":[6.25,1.5,7.5,1.625],"texture":"#1"},"east":{"uv":[6,5.75,7.375,5.875],"texture":"#1"},"south":{"uv":[6.25,1.75,7.5,1.875],"texture":"#1"},"west":{"uv":[6,6,7.375,6.125],"texture":"#1"},"up":{"uv":[5.25,1.375,4,0],"texture":"#1"},"down":{"uv":[5.25,1.5,4,2.875],"texture":"#1"}}},{"from":[4.39645,-12.54289,5.25],"to":[5.89645,-12.04289,10.75],"rotation":{"angle":-45,"axis":"z","origin":[5.14645,-12.29289,8.25]},"faces":{"north":{"uv":[6.5,5.5,6.875,5.625],"texture":"#1"},"east":{"uv":[6.25,0.5,7.625,0.625],"texture":"#1"},"south":{"uv":[6.5,6.25,6.875,6.375],"texture":"#1"},"west":{"uv":[6.25,0.75,7.625,0.875],"texture":"#1"},"up":{"uv":[5.375,5.375,5,4],"texture":"#1"},"down":{"uv":[5.625,0,5.25,1.375],"texture":"#1"}}},{"from":[10.10355,-12.54289,5.25],"to":[11.60355,-12.04289,10.75],"rotation":{"angle":45,"axis":"z","origin":[10.85355,-12.29289,8.25]},"faces":{"north":{"uv":[6.5,6.5,6.875,6.625],"texture":"#1"},"east":{"uv":[6.25,1,7.625,1.125],"texture":"#1"},"south":{"uv":[6.75,0,7.125,0.125],"texture":"#1"},"west":{"uv":[6.25,1.25,7.625,1.375],"texture":"#1"},"up":{"uv":[5.625,2.875,5.25,1.5],"texture":"#1"},"down":{"uv":[5.875,4,5.5,5.375],"texture":"#1"}}}]}