{"display":{"thirdperson_righthand":{"rotation":[0,44,0],"translation":[0,0,1]},"thirdperson_lefthand":{"rotation":[0,44,0],"translation":[0,0,1]},"firstperson_righthand":{"translation":[3.5,-3,0]},"firstperson_lefthand":{"translation":[3.5,-3,0]},"ground":{"rotation":[22,1,24],"scale":[0.7,0.7,0.7]},"gui":{"rotation":[22.5,135,0],"translation":[0.75,-2.25,0]},"head":{"rotation":[9,0,0],"translation":[0,2,3.25],"scale":[1.82,1.82,1.82]}},"texture_size":[64,64],"textures":{"2":"civilization:item/wearable/elf_hat","particle":"civilization:item/wearable/elf_hat"},"elements":[{"from":[3.5,7.5,1.5],"to":[12.5,9.5,10.5],"rotation":{"angle":0,"axis":"y","origin":[8,8,6]},"faces":{"north":{"uv":[6.25,2,8.5,2.5],"texture":"#2"},"east":{"uv":[6.25,2.5,8.5,3],"texture":"#2"},"south":{"uv":[6.25,3,8.5,3.5],"texture":"#2"},"west":{"uv":[1.5,6.75,3.75,7.25],"texture":"#2"},"up":{"uv":[2.25,2.25,0,0],"texture":"#2"},"down":{"uv":[2.25,2.25,0,4.5],"texture":"#2"}}},{"from":[3,6.14805,4.27164],"to":[4,8.14805,8.27164],"rotation":{"angle":-22.5,"axis":"y","origin":[3.5,6.39805,7.02164]},"faces":{"north":{"uv":[0.5,8,0.75,8.5],"texture":"#2"},"east":{"uv":[7,1.5,8,2],"texture":"#2"},"south":{"uv":[0.75,8,1,8.5],"texture":"#2"},"west":{"uv":[5.25,7.25,6.25,7.75],"texture":"#2"},"up":{"uv":[5.5,8.75,5.25,7.75],"texture":"#2"},"down":{"uv":[5.75,7.75,5.5,8.75],"texture":"#2"}}},{"from":[3,5.14805,4.27164],"to":[4,6.14805,7.27164],"rotation":{"angle":-22.5,"axis":"y","origin":[3.5,6.39805,7.02164]},"faces":{"north":{"uv":[7,3.5,7.25,3.75],"texture":"#2"},"east":{"uv":[6.25,3.5,7,3.75],"texture":"#2"},"south":{"uv":[1.5,8,1.75,8.25],"texture":"#2"},"west":{"uv":[7.25,5,8,5.25],"texture":"#2"},"up":{"uv":[6.5,8.5,6.25,7.75],"texture":"#2"},"down":{"uv":[6.75,7.75,6.5,8.5],"texture":"#2"}}},{"from":[12,5.14805,4.27164],"to":[13,6.14805,7.27164],"rotation":{"angle":22.5,"axis":"y","origin":[12.5,6.39805,7.02164]},"faces":{"north":{"uv":[8,1.5,8.25,1.75],"texture":"#2"},"east":{"uv":[6.75,7.75,7.5,8],"texture":"#2"},"south":{"uv":[1.75,8,2,8.25],"texture":"#2"},"west":{"uv":[7.5,7.75,8.25,8],"texture":"#2"},"up":{"uv":[0.25,8.75,0,8],"texture":"#2"},"down":{"uv":[0.5,8,0.25,8.75],"texture":"#2"}}},{"from":[12,6.14805,4.27164],"to":[13,8.14805,8.27164],"rotation":{"angle":22.5,"axis":"y","origin":[12.5,6.39805,7.02164]},"faces":{"north":{"uv":[1,8,1.25,8.5],"texture":"#2"},"east":{"uv":[6.25,7.25,7.25,7.75],"texture":"#2"},"south":{"uv":[1.25,8,1.5,8.5],"texture":"#2"},"west":{"uv":[7.25,7.25,8.25,7.75],"texture":"#2"},"up":{"uv":[6,8.75,5.75,7.75],"texture":"#2"},"down":{"uv":[6.25,7.75,6,8.75],"texture":"#2"}}},{"from":[12.69042,9.46232,1.5],"to":[12.69042,11.46232,10.5],"rotation":{"angle":-22.5,"axis":"z","origin":[12.69042,9.96232,6]},"faces":{"north":{"uv":[0,0,0,0.5],"texture":"#2"},"east":{"uv":[7,0.5,9.25,1],"texture":"#2"},"south":{"uv":[0,0,0,0.5],"texture":"#2"},"west":{"uv":[7,0.5,9.25,1],"texture":"#2"},"up":{"uv":[0,2.25,0,0],"texture":"#2"},"down":{"uv":[0,0,0,2.25],"texture":"#2"}}},{"from":[3.30958,9.46232,1.5],"to":[3.30958,11.46232,10.5],"rotation":{"angle":22.5,"axis":"z","origin":[3.30958,9.96232,6]},"faces":{"north":{"uv":[0,0,0,0.5],"texture":"#2"},"east":{"uv":[7,0.5,9.25,1],"texture":"#2"},"south":{"uv":[0,0,0,0.5],"texture":"#2"},"west":{"uv":[7,0.5,9.25,1],"texture":"#2"},"up":{"uv":[0,2.25,0,0],"texture":"#2"},"down":{"uv":[0,0,0,2.25],"texture":"#2"}}},{"from":[3.5,11.29243,1.48984],"to":[12.5,13.29243,1.48984],"rotation":{"angle":-22.5,"axis":"x","origin":[8,10.42426,6]},"faces":{"north":{"uv":[7,0.5,9.25,1],"texture":"#2"},"east":{"uv":[0,0,0,0.5],"texture":"#2"},"south":{"uv":[7,0.5,9.25,1],"texture":"#2"},"west":{"uv":[0,0,0,0.5],"texture":"#2"},"up":{"uv":[2.25,0,0,0],"texture":"#2"},"down":{"uv":[2.25,0,0,0],"texture":"#2"}}},{"from":[3.5,11.29243,10.51016],"to":[12.5,13.29243,10.51016],"rotation":{"angle":22.5,"axis":"x","origin":[8,10.42426,6]},"faces":{"north":{"uv":[7,0.5,9.25,1],"texture":"#2"},"east":{"uv":[0,0,0,0.5],"texture":"#2"},"south":{"uv":[7,0.5,9.25,1],"texture":"#2"},"west":{"uv":[0,0,0,0.5],"texture":"#2"},"up":{"uv":[2.25,0,0,0],"texture":"#2"},"down":{"uv":[2.25,0,0,0],"texture":"#2"}}},{"from":[3.98,7.88,2.58],"to":[12.02,12.92,10.62],"rotation":{"angle":22.5,"axis":"x","origin":[8,11.1,5.1]},"faces":{"north":{"uv":[2.25,4,4.25,5.25],"texture":"#2"},"east":{"uv":[4.25,0,6.25,1.25],"texture":"#2"},"south":{"uv":[4.25,1.25,6.25,2.5],"texture":"#2"},"west":{"uv":[4.25,2.5,6.25,3.75],"texture":"#2"},"up":{"uv":[4.25,2,2.25,0],"texture":"#2"},"down":{"uv":[4.25,2,2.25,4],"texture":"#2"}}},{"from":[5,10.74483,6.87308],"to":[11,16.74483,12.87308],"rotation":{"angle":-45,"axis":"x","origin":[8,10.95851,11.12626]},"faces":{"north":{"uv":[4.25,3.75,5.75,5.25],"texture":"#2"},"east":{"uv":[0,4.5,1.5,6],"texture":"#2"},"south":{"uv":[1.5,5.25,3,6.75],"texture":"#2"},"west":{"uv":[3,5.25,4.5,6.75],"texture":"#2"},"up":{"uv":[6,6.75,4.5,5.25],"texture":"#2"},"down":{"uv":[7.25,3.75,5.75,5.25],"texture":"#2"}}},{"from":[6.5,8.51726,11.54874],"to":[9.5,16.51726,14.54874],"rotation":{"angle":-22.5,"axis":"x","origin":[8,8.68526,13.0926]},"faces":{"north":{"uv":[0,6,0.75,8],"texture":"#2"},"east":{"uv":[0.75,6,1.5,8],"texture":"#2"},"south":{"uv":[6,5.25,6.75,7.25],"texture":"#2"},"west":{"uv":[6.25,0,7,2],"texture":"#2"},"up":{"uv":[2.25,5.25,1.5,4.5],"texture":"#2"},"down":{"uv":[2.25,7.25,1.5,8],"texture":"#2"}}},{"from":[6.4,7.04267,12.66422],"to":[9.6,10.24267,15.86422],"rotation":{"angle":-22.5,"axis":"x","origin":[7.5,5.64267,13.76422]},"faces":{"north":{"uv":[2.25,7.25,3,8],"texture":"#2"},"east":{"uv":[3,7.25,3.75,8],"texture":"#2"},"south":{"uv":[7.25,3.5,8,4.25],"texture":"#2"},"west":{"uv":[3.75,7.25,4.5,8],"texture":"#2"},"up":{"uv":[8,5,7.25,4.25],"texture":"#2"},"down":{"uv":[5.25,7.25,4.5,8],"texture":"#2"}}}],"gui_light":"front"}