{"display":{"thirdperson_righthand":{"translation":[0,2.75,3.25]},"thirdperson_lefthand":{"translation":[0,2.75,3.25]},"firstperson_righthand":{"translation":[5.75,0,0]},"firstperson_lefthand":{"translation":[5.75,0,0]},"ground":{"rotation":[25,3,23],"translation":[-1,0,3],"scale":[0.7,0.7,0.7]},"gui":{"rotation":[22.5,135,0],"translation":[2.75,4.75,0]},"head":{"translation":[0,6.75,1.5],"scale":[1.84,1.84,1.84]},"fixed":{"translation":[0,2.5,3.75]}},"texture_size":[32,32],"textures":{"1":"civilization:item/wearable/gingerbread_mask_shiny","particle":"civilization:item/wearable/gingerbread_mask_shiny"},"elements":[{"from":[3,0,3],"to":[13,10,5],"rotation":{"angle":0,"axis":"y","origin":[8,5,4]},"faces":{"north":{"uv":[0,0,5,5],"texture":"#1"},"east":{"uv":[10,2,11,7],"texture":"#1"},"south":{"uv":[0,5,5,10],"texture":"#1"},"west":{"uv":[3,10,4,15],"texture":"#1"},"up":{"uv":[9,11,4,10],"texture":"#1"},"down":{"uv":[15,7,10,8],"texture":"#1"}}},{"from":[7,-2,4],"to":[9,0,5],"rotation":{"angle":0,"axis":"y","origin":[8,-1.5,4]},"faces":{"north":{"uv":[4,11,5,12],"texture":"#1"},"east":{"uv":[5,11,5.5,12],"texture":"#1"},"south":{"uv":[11,4,12,5],"texture":"#1"},"west":{"uv":[11,5,11.5,6],"texture":"#1"},"up":{"uv":[6.5,11.5,5.5,11],"texture":"#1"},"down":{"uv":[12,6,11,6.5],"texture":"#1"}}},{"from":[5,-4,4.5],"to":[11,0,4.5],"rotation":{"angle":0,"axis":"y","origin":[8,-1.5,4]},"faces":{"north":{"uv":[0,10,3,12],"texture":"#1"},"east":{"uv":[0,0,0,2],"texture":"#1"},"south":{"uv":[0,10,3,12],"texture":"#1"},"west":{"uv":[0,0,0,2],"texture":"#1"},"up":{"uv":[3,0,0,0],"texture":"#1"},"down":{"uv":[3,0,0,0],"texture":"#1"}}},{"from":[2.8,-0.2,2.8],"to":[13.2,10.2,5.2],"rotation":{"angle":0,"axis":"y","origin":[8,5,4]},"faces":{"north":{"uv":[5,0,10,5],"texture":"#1"},"east":{"uv":[10,8,11,13],"texture":"#1"},"south":{"uv":[5,5,10,10],"texture":"#1"},"west":{"uv":[9,10,10,15],"texture":"#1"},"up":{"uv":[16,3,11,2],"texture":"#1"},"down":{"uv":[16,3,11,4],"texture":"#1"}}}],"gui_light":"front"}