{"display":{"thirdperson_righthand":{"translation":[0,2.75,0]},"thirdperson_lefthand":{"translation":[0,2.75,0]},"firstperson_righthand":{"rotation":[0,126,0],"translation":[2.5,2.25,0],"scale":[0.8,0.8,0.8]},"firstperson_lefthand":{"rotation":[0,126,0],"translation":[2.5,2.25,0],"scale":[0.8,0.8,0.8]},"ground":{"rotation":[15,0,22],"translation":[0,3.25,0],"scale":[0.5,0.5,0.5]},"gui":{"rotation":[22.5,135,0],"translation":[0,1,0],"scale":[0.7,0.7,0.7]},"head":{"rotation":[0,0,-8],"translation":[2,20.5,-0.25],"scale":[1.8,1.8,1.8]}},"texture_size":[64,64],"textures":{"1":"civilization:item/wearable/glow_squid_hat","particle":"civilization:item/wearable/glow_squid_hat"},"elements":[{"from":[5,0,5],"to":[11,5,11],"rotation":{"angle":0,"axis":"y","origin":[8,1,8]},"faces":{"north":{"uv":[9,4,10.5,5.25],"texture":"#1"},"east":{"uv":[9,5.25,10.5,6.5],"texture":"#1"},"south":{"uv":[5.5,9,7,10.25],"texture":"#1"},"west":{"uv":[9,6.5,10.5,7.75],"texture":"#1"},"up":{"uv":[9,5.5,7.5,4],"texture":"#1"},"down":{"uv":[9,5.5,7.5,7],"texture":"#1"}}},{"from":[7,0,-1],"to":[9,2,5],"rotation":{"angle":45,"axis":"y","origin":[8,1,8]},"faces":{"north":{"uv":[12.5,12.25,13,12.75],"texture":"#1"},"east":{"uv":[11.25,2.5,12.75,3],"texture":"#1"},"south":{"uv":[12.75,0,13.25,0.5],"texture":"#1"},"west":{"uv":[5,11.25,6.5,11.75],"texture":"#1"},"up":{"uv":[7.5,12.5,7,11],"texture":"#1"},"down":{"uv":[8,11,7.5,12.5],"texture":"#1"}}},{"from":[7,0,-1],"to":[9,2,5],"rotation":{"angle":-45,"axis":"y","origin":[8,1,8]},"faces":{"north":{"uv":[13,12.25,12.5,12.75],"texture":"#1"},"east":{"uv":[6.5,11.25,5,11.75],"texture":"#1"},"south":{"uv":[13.25,0,12.75,0.5],"texture":"#1"},"west":{"uv":[12.75,2.5,11.25,3],"texture":"#1"},"up":{"uv":[7,12.5,7.5,11],"texture":"#1"},"down":{"uv":[7.5,11,8,12.5],"texture":"#1"}}},{"from":[7,0,11],"to":[9,2,17],"rotation":{"angle":45,"axis":"y","origin":[8,1,8]},"faces":{"north":{"uv":[12.75,0,13.25,0.5],"texture":"#1"},"east":{"uv":[5,11.25,6.5,11.75],"texture":"#1"},"south":{"uv":[12.5,12.25,13,12.75],"texture":"#1"},"west":{"uv":[11.25,2.5,12.75,3],"texture":"#1"},"up":{"uv":[7,11,7.5,12.5],"texture":"#1"},"down":{"uv":[7.5,12.5,8,11],"texture":"#1"}}},{"from":[7,0,11],"to":[9,2,17],"rotation":{"angle":-45,"axis":"y","origin":[8,1,8]},"faces":{"north":{"uv":[13.25,0,12.75,0.5],"texture":"#1"},"east":{"uv":[12.75,2.5,11.25,3],"texture":"#1"},"south":{"uv":[13,12.25,12.5,12.75],"texture":"#1"},"west":{"uv":[6.5,11.25,5,11.75],"texture":"#1"},"up":{"uv":[7.5,11,7,12.5],"texture":"#1"},"down":{"uv":[8,12.5,7.5,11],"texture":"#1"}}},{"from":[-1,1,7],"to":[5,3,9],"rotation":{"angle":22.5,"axis":"z","origin":[8,1.5,8]},"faces":{"north":{"uv":[11.25,2.5,12.75,3],"texture":"#1"},"east":{"uv":[12.75,0,13.25,0.5],"texture":"#1"},"south":{"uv":[5,11.25,6.5,11.75],"texture":"#1"},"west":{"uv":[12.5,12.25,13,12.75],"texture":"#1"},"up":{"uv":[7.5,12.5,7,11],"rotation":270,"texture":"#1"},"down":{"uv":[8,11,7.5,12.5],"rotation":90,"texture":"#1"}}},{"from":[7,0,-1],"to":[9,2,5],"rotation":{"angle":0,"axis":"y","origin":[8,1.5,8]},"faces":{"north":{"uv":[13,12.25,12.5,12.75],"texture":"#1"},"east":{"uv":[6.5,11.25,5,11.75],"texture":"#1"},"south":{"uv":[13.25,0,12.75,0.5],"texture":"#1"},"west":{"uv":[12.75,2.5,11.25,3],"texture":"#1"},"up":{"uv":[7,12.5,7.5,11],"texture":"#1"},"down":{"uv":[7.5,11,8,12.5],"texture":"#1"}}},{"from":[11,1,7],"to":[17,3,9],"rotation":{"angle":-22.5,"axis":"z","origin":[8,1.5,8]},"faces":{"north":{"uv":[5,11.25,6.5,11.75],"texture":"#1"},"east":{"uv":[12.5,12.25,13,12.75],"texture":"#1"},"south":{"uv":[11.25,2.5,12.75,3],"texture":"#1"},"west":{"uv":[12.75,0,13.25,0.5],"texture":"#1"},"up":{"uv":[7,11,7.5,12.5],"rotation":270,"texture":"#1"},"down":{"uv":[7.5,12.5,8,11],"rotation":90,"texture":"#1"}}},{"from":[7,1,11],"to":[9,3,17],"rotation":{"angle":22.5,"axis":"x","origin":[8,1.5,8]},"faces":{"north":{"uv":[13.25,0,12.75,0.5],"texture":"#1"},"east":{"uv":[12.75,2.5,11.25,3],"texture":"#1"},"south":{"uv":[13,12.25,12.5,12.75],"texture":"#1"},"west":{"uv":[6.5,11.25,5,11.75],"texture":"#1"},"up":{"uv":[7.5,11,7,12.5],"texture":"#1"},"down":{"uv":[8,12.5,7.5,11],"texture":"#1"}}},{"from":[4,3.5,5],"to":[12,12.5,13],"rotation":{"angle":22.5,"axis":"x","origin":[8,6.5,8]},"faces":{"north":{"uv":[5.5,0,7.5,2.25],"texture":"#1"},"east":{"uv":[5.5,2.25,7.5,4.5],"texture":"#1"},"south":{"uv":[5.5,4.5,7.5,6.75],"texture":"#1"},"west":{"uv":[5.5,6.75,7.5,9],"texture":"#1"},"up":{"uv":[9.5,2,7.5,0],"texture":"#1"},"down":{"uv":[9.5,2,7.5,4],"texture":"#1"}}},{"from":[1.8,13.27999,7.1334],"to":[5.8,18.27999,11.1334],"rotation":{"angle":22.5,"axis":"z","origin":[6,16.27999,13.1334]},"faces":{"north":{"uv":[9,7.75,10,9],"texture":"#1"},"east":{"uv":[9,9,10,10.25],"texture":"#1"},"south":{"uv":[9.5,0,10.5,1.25],"texture":"#1"},"west":{"uv":[9.5,1.25,10.5,2.5],"texture":"#1"},"up":{"uv":[10.5,3.5,9.5,2.5],"texture":"#1"},"down":{"uv":[8,10,7,11],"texture":"#1"}}},{"from":[0.8,12.27999,6.1334],"to":[6.8,13.27999,12.1334],"rotation":{"angle":22.5,"axis":"z","origin":[6,16.27999,13.1334]},"faces":{"north":{"uv":[10.5,7.5,12,7.75],"texture":"#1"},"east":{"uv":[12,3,13.5,3.25],"texture":"#1"},"south":{"uv":[12,3.25,13.5,3.5],"texture":"#1"},"west":{"uv":[12.25,10.5,13.75,10.75],"texture":"#1"},"up":{"uv":[9,8.5,7.5,7],"texture":"#1"},"down":{"uv":[9,8.5,7.5,10],"texture":"#1"}}},{"from":[3.7,4.5,4.7],"to":[6.7,8.5,7.7],"rotation":{"angle":22.5,"axis":"x","origin":[8,6.5,8]},"faces":{"north":{"uv":[10,9.75,10.75,10.75],"texture":"#1"},"east":{"uv":[5.5,10.25,6.25,11.25],"texture":"#1"},"south":{"uv":[6.25,10.25,7,11.25],"texture":"#1"},"west":{"uv":[8.5,10.25,9.25,11.25],"texture":"#1"},"up":{"uv":[9.25,12,8.5,11.25],"texture":"#1"},"down":{"uv":[10,11.25,9.25,12],"texture":"#1"}}},{"from":[9.3,4.5,4.7],"to":[12.3,8.5,7.7],"rotation":{"angle":22.5,"axis":"x","origin":[8,6.5,8]},"faces":{"north":{"uv":[9.25,10.25,10,11.25],"texture":"#1"},"east":{"uv":[10.5,0,11.25,1],"texture":"#1"},"south":{"uv":[10.5,1,11.25,2],"texture":"#1"},"west":{"uv":[10.5,2,11.25,3],"texture":"#1"},"up":{"uv":[10.75,12,10,11.25],"texture":"#1"},"down":{"uv":[11.5,11.25,10.75,12],"texture":"#1"}}}],"gui_light":"front"}