{"display":{"thirdperson_righthand":{"rotation":[24,16,0],"translation":[0,2.25,0],"scale":[0.9,0.9,0.9]},"thirdperson_lefthand":{"rotation":[24,16,0],"translation":[0,2.25,0],"scale":[0.9,0.9,0.9]},"firstperson_righthand":{"rotation":[18,0,0],"translation":[2.25,0.75,-1.75],"scale":[0.7,0.7,0.7]},"firstperson_lefthand":{"rotation":[18,0,0],"translation":[2.25,0.75,-1.75],"scale":[0.7,0.7,0.7]},"ground":{"rotation":[39,29,0],"translation":[0,1,0],"scale":[0.7,0.7,0.7]},"gui":{"rotation":[-12,135,22.5],"translation":[-0.75,0.25,0],"scale":[0.9,0.9,0.9]},"head":{"rotation":[23,0,0],"translation":[0,3.5,-1.25],"scale":[1.85,1.85,1.85]},"fixed":{"rotation":[90,-67,90],"translation":[1.25,0.5,-0.25]}},"texture_size":[64,64],"textures":{"1":"civilization:item/wearable/knight_helmet","particle":"civilization:item/wearable/knight_helmet"},"elements":[{"from":[4,11.14828,4.81871],"to":[12,11.14828,12.81871],"rotation":{"angle":-22.5,"axis":"x","origin":[8,8.02984,10.79575]},"faces":{"north":{"uv":[12,3,14,3],"texture":"#1"},"east":{"uv":[12,3.25,14,3.25],"texture":"#1"},"south":{"uv":[12,8,14,8],"texture":"#1"},"west":{"uv":[12,8.25,14,8.25],"texture":"#1"},"up":{"uv":[8,2,6,0],"texture":"#1"},"down":{"uv":[8,2.25,6,4.25],"texture":"#1"}}},{"from":[4,2,5],"to":[12,10,5],"rotation":{"angle":-22.5,"axis":"x","origin":[8,7,8]},"faces":{"north":{"uv":[8.25,4.5,10.25,6.5],"texture":"#1"},"east":{"uv":[2.5,12.25,2.5,14.25],"texture":"#1"},"south":{"uv":[8.25,6.75,10.25,8.75],"texture":"#1"},"west":{"uv":[2.75,12.25,2.75,14.25],"texture":"#1"},"up":{"uv":[14.25,11.5,12.25,11.5],"texture":"#1"},"down":{"uv":[14.25,11.75,12.25,11.75],"texture":"#1"}}},{"from":[4,3.14828,12.81871],"to":[12,11.14828,12.81871],"rotation":{"angle":-22.5,"axis":"x","origin":[8,8.02984,10.79575]},"faces":{"north":{"uv":[2.25,8.25,4.25,10.25],"texture":"#1"},"east":{"uv":[2,12.25,2,14.25],"texture":"#1"},"south":{"uv":[8.25,2.25,10.25,4.25],"texture":"#1"},"west":{"uv":[2.25,12.25,2.25,14.25],"texture":"#1"},"up":{"uv":[14,11,12,11],"texture":"#1"},"down":{"uv":[14,11.25,12,11.25],"texture":"#1"}}},{"from":[4,3.14828,4.81871],"to":[12,3.14828,12.81871],"rotation":{"angle":-22.5,"axis":"x","origin":[8,8.02984,10.79575]},"faces":{"north":{"uv":[12,8.5,14,8.5],"texture":"#1"},"east":{"uv":[12,10.25,14,10.25],"texture":"#1"},"south":{"uv":[12,10.5,14,10.5],"texture":"#1"},"west":{"uv":[12,10.75,14,10.75],"texture":"#1"},"up":{"uv":[2,10.25,0,8.25],"texture":"#1"},"down":{"uv":[10.25,0,8.25,2],"texture":"#1"}}},{"from":[4,3.14828,4.81871],"to":[4,11.14828,12.81871],"rotation":{"angle":-22.5,"axis":"x","origin":[8,8.02984,10.79575]},"faces":{"north":{"uv":[12.25,12,12.25,14],"texture":"#1"},"east":{"uv":[4.5,9,6.5,11],"texture":"#1"},"south":{"uv":[12.5,3.5,12.5,5.5],"texture":"#1"},"west":{"uv":[6.75,9,8.75,11],"texture":"#1"},"up":{"uv":[4,14.5,4,12.5],"texture":"#1"},"down":{"uv":[4.25,12.5,4.25,14.5],"texture":"#1"}}},{"from":[3.99,0.20371,14.52259],"to":[12.01,4.22371,14.54259],"rotation":{"angle":45,"axis":"x","origin":[8,8.02984,10.79575]},"faces":{"north":{"uv":[9,10.25,11,11.25],"texture":"#1"},"east":{"uv":[3,10.5,3.75,11.5],"texture":"#1"},"south":{"uv":[9,10.25,11,11.25],"texture":"#1"},"west":{"uv":[4,11.25,4.75,12.25],"texture":"#1"},"up":{"uv":[12.5,6.75,10.5,6],"texture":"#1"},"down":{"uv":[12.5,7,10.5,7.75],"texture":"#1"}}},{"from":[3.99,0.20371,14.52259],"to":[12.01,4.22371,14.54259],"rotation":{"angle":45,"axis":"x","origin":[8,8.02984,10.79575]},"faces":{"north":{"uv":[9,9,11,10],"texture":"#1"},"east":{"uv":[3,10.5,3.75,11.5],"texture":"#1"},"south":{"uv":[9,10.25,11,11.25],"texture":"#1"},"west":{"uv":[4,11.25,4.75,12.25],"texture":"#1"},"up":{"uv":[12.5,6.75,10.5,6],"texture":"#1"},"down":{"uv":[12.5,7,10.5,7.75],"texture":"#1"}}},{"from":[3.99,0.20371,11.52259],"to":[12.01,0.22371,14.54259],"rotation":{"angle":45,"axis":"x","origin":[8,8.02984,10.79575]},"faces":{"north":{"uv":[12.5,7,10.5,7.75],"texture":"#1"},"east":{"uv":[12.5,7,10.5,7.75],"texture":"#1"},"south":{"uv":[12.5,7,10.5,7.75],"texture":"#1"},"west":{"uv":[12.5,7,10.5,7.75],"texture":"#1"},"up":{"uv":[12.5,7,10.5,7.75],"texture":"#1"},"down":{"uv":[12.5,7,10.5,7.75],"texture":"#1"}}},{"from":[3.99,0.20371,11.52259],"to":[4.01,4.22371,14.54259],"rotation":{"angle":45,"axis":"x","origin":[8,8.02984,10.79575]},"faces":{"north":{"uv":[9,9,11,10],"texture":"#1"},"east":{"uv":[3,10.5,3.75,11.5],"texture":"#1"},"south":{"uv":[9,10.25,11,11.25],"texture":"#1"},"west":{"uv":[4,11.25,4.75,12.25],"texture":"#1"},"up":{"uv":[12.5,6.75,10.5,6],"texture":"#1"},"down":{"uv":[12.5,7,10.5,7.75],"texture":"#1"}}},{"from":[11.99,0.20371,11.52259],"to":[12.01,4.22371,14.54259],"rotation":{"angle":45,"axis":"x","origin":[8,8.02984,10.79575]},"faces":{"north":{"uv":[9,9,11,10],"texture":"#1"},"east":{"uv":[3,10.5,3.75,11.5],"texture":"#1"},"south":{"uv":[9,10.25,11,11.25],"texture":"#1"},"west":{"uv":[4,11.25,4.75,12.25],"texture":"#1"},"up":{"uv":[12.5,6.75,10.5,6],"texture":"#1"},"down":{"uv":[12.5,7,10.5,7.75],"texture":"#1"}}},{"from":[12,3.14828,4.81871],"to":[12,11.14828,12.81871],"rotation":{"angle":-22.5,"axis":"x","origin":[8,8.02984,10.79575]},"faces":{"north":{"uv":[1,12.25,1,14.25],"texture":"#1"},"east":{"uv":[6,4.5,8,6.5],"texture":"#1"},"south":{"uv":[1.25,12.25,1.25,14.25],"texture":"#1"},"west":{"uv":[6,6.75,8,8.75],"texture":"#1"},"up":{"uv":[1.5,14.25,1.5,12.25],"texture":"#1"},"down":{"uv":[1.75,12.25,1.75,14.25],"texture":"#1"}}},{"from":[7,8.14828,12.81871],"to":[9,12.14828,13.81871],"rotation":{"angle":-22.5,"axis":"x","origin":[8,8.02984,10.79575]},"faces":{"north":{"uv":[8,11.25,8.5,12.25],"texture":"#1"},"east":{"uv":[11.25,11.5,11.5,12.5],"texture":"#1"},"south":{"uv":[11.25,10.25,11.75,11.25],"texture":"#1"},"west":{"uv":[3,11.75,3.25,12.75],"texture":"#1"},"up":{"uv":[12.5,1.25,12,1],"texture":"#1"},"down":{"uv":[12.5,1.5,12,1.75],"texture":"#1"}}},{"from":[7.5,11.72416,8.75031],"to":[8.5,15.72416,15.75031],"rotation":{"angle":0,"axis":"y","origin":[8,8.02984,10.79575]},"faces":{"north":{"uv":[3.5,11.75,3.75,12.75],"texture":"#1"},"east":{"uv":[10.5,3.5,12.25,4.5],"texture":"#1"},"south":{"uv":[11.75,11.5,12,12.5],"texture":"#1"},"west":{"uv":[10.5,4.75,12.25,5.75],"texture":"#1"},"up":{"uv":[9,13.25,8.75,11.5],"texture":"#1"},"down":{"uv":[9.5,11.5,9.25,13.25],"texture":"#1"}}},{"from":[7,11.14828,9.81871],"to":[9,12.14828,12.81871],"rotation":{"angle":-22.5,"axis":"x","origin":[8,8.02984,10.79575]},"faces":{"north":{"uv":[12,2,12.5,2.25],"texture":"#1"},"east":{"uv":[12,0,12.75,0.25],"texture":"#1"},"south":{"uv":[12,2.5,12.5,2.75],"texture":"#1"},"west":{"uv":[12,0.5,12.75,0.75],"texture":"#1"},"up":{"uv":[10.25,12.25,9.75,11.5],"texture":"#1"},"down":{"uv":[11,11.5,10.5,12.25],"texture":"#1"}}},{"from":[8,8.72416,6.75031],"to":[8,18.72416,17.75031],"rotation":{"angle":0,"axis":"y","origin":[8,8.02984,10.79575]},"faces":{"north":{"uv":[0,12.25,0,14.75],"texture":"#1"},"east":{"uv":[0,0,2.75,2.5],"texture":"#1"},"south":{"uv":[0.25,12.25,0.25,14.75],"texture":"#1"},"west":{"uv":[0,2.75,2.75,5.25],"texture":"#1"},"up":{"uv":[0.5,15,0.5,12.25],"texture":"#1"},"down":{"uv":[0.75,12.25,0.75,15],"texture":"#1"}}},{"from":[8.3,3.28952,8.31568],"to":[8.3,13.28952,19.31568],"rotation":{"angle":0,"axis":"y","origin":[8,8.02984,10.79575]},"faces":{"north":{"uv":[4.5,12.5,4.5,15],"texture":"#1"},"east":{"uv":[3,0,5.75,2.5],"texture":"#1"},"south":{"uv":[4.75,12.5,4.75,15],"texture":"#1"},"west":{"uv":[3,2.75,5.75,5.25],"texture":"#1"},"up":{"uv":[8,15.25,8,12.5],"texture":"#1"},"down":{"uv":[8.25,12.5,8.25,15.25],"texture":"#1"}}},{"from":[7.7,3.28952,8.31568],"to":[7.7,13.28952,19.31568],"rotation":{"angle":0,"axis":"y","origin":[8,8.02984,10.79575]},"faces":{"north":{"uv":[8.5,12.5,8.5,15],"texture":"#1"},"east":{"uv":[0,5.5,2.75,8],"texture":"#1"},"south":{"uv":[9.75,12.5,9.75,15],"texture":"#1"},"west":{"uv":[3,5.5,5.75,8],"texture":"#1"},"up":{"uv":[10,15.25,10,12.5],"texture":"#1"},"down":{"uv":[10.25,12.5,10.25,15.25],"texture":"#1"}}},{"from":[7.42702,5,3],"to":[12.42702,11,5],"rotation":{"angle":-22.5,"axis":"y","origin":[9.92702,7,4]},"faces":{"north":{"uv":[0,10.5,1.25,12],"texture":"#1"},"east":{"uv":[5,11.25,5.5,12.75],"texture":"#1"},"south":{"uv":[10.5,0,11.75,1.5],"texture":"#1"},"west":{"uv":[5.75,11.25,6.25,12.75],"texture":"#1"},"up":{"uv":[5.75,8.75,4.5,8.25],"texture":"#1"},"down":{"uv":[11.75,8,10.5,8.5],"texture":"#1"}}},{"from":[3.57298,5,3],"to":[8.57298,11,5],"rotation":{"angle":22.5,"axis":"y","origin":[6.07298,7,4]},"faces":{"north":{"uv":[1.5,10.5,2.75,12],"texture":"#1"},"east":{"uv":[6.5,11.25,7,12.75],"texture":"#1"},"south":{"uv":[10.5,1.75,11.75,3.25],"texture":"#1"},"west":{"uv":[7.25,11.25,7.75,12.75],"texture":"#1"},"up":{"uv":[12.5,9.25,11.25,8.75],"texture":"#1"},"down":{"uv":[12.5,9.5,11.25,10],"texture":"#1"}}}],"gui_light":"front"}