{
	"format_version": "1.21.6",
	"credit": "Made with Blockbench",
	"texture_size": [128, 128],
	"textures": {
		"3": "civilization:item/cosmetics/models/cannon",
		"particle": "civilization:item/cosmetics/models/cannon"
	},
	"elements": [
		{
			"from": [-0.96566, -2.56493, 0],
			"to": [15.03434, 26.43507, 16],
			"rotation": {"angle": 22.5, "axis": "z", "origin": [10.84554, 13.8434, 8]},
			"faces": {
				"north": {"uv": [0, 0, 3.625, 2], "rotation": 270, "texture": "#3"},
				"east": {"uv": [7.25, 2, 3.625, 0], "rotation": 90, "texture": "#3"},
				"south": {"uv": [0, 2, 3.625, 4], "rotation": 90, "texture": "#3"},
				"west": {"uv": [7.25, 2, 3.625, 4], "rotation": 90, "texture": "#3"},
				"up": {"uv": [4.5, 6, 6.5, 8], "rotation": 90, "texture": "#3"},
				"down": {"uv": [4.5, 4, 6.5, 6], "rotation": 90, "texture": "#3"}
			}
		},
		{
			"from": [6.59013, 10.06249, 18],
			"to": [13.59013, 11.06249, 21],
			"rotation": {"angle": 0, "axis": "y", "origin": [17.09013, 8.06249, 13.5]},
			"faces": {
				"north": {"uv": [9, 9.75, 9.875, 9.875], "texture": "#3"},
				"east": {"uv": [8.75, 6.75, 9.125, 6.875], "texture": "#3"},
				"south": {"uv": [9.75, 9.625, 10.625, 9.75], "texture": "#3"},
				"west": {"uv": [8.875, 5.875, 9.25, 6], "texture": "#3"},
				"up": {"uv": [8.875, 0.625, 8, 0.25], "texture": "#3"},
				"down": {"uv": [8.875, 0.625, 8, 1], "texture": "#3"}
			}
		},
		{
			"from": [1.61526, 7.17341, 18],
			"to": [8.61526, 8.17341, 21],
			"rotation": {"angle": 45, "axis": "z", "origin": [4.11526, 7.17341, 19.5]},
			"faces": {
				"north": {"uv": [0, 9.875, 0.875, 10], "texture": "#3"},
				"east": {"uv": [9.25, 5.875, 9.625, 6], "texture": "#3"},
				"south": {"uv": [0.875, 9.875, 1.75, 10], "texture": "#3"},
				"west": {"uv": [10, 8.75, 10.375, 8.875], "texture": "#3"},
				"up": {"uv": [8.875, 3.125, 8, 2.75], "texture": "#3"},
				"down": {"uv": [5.625, 8, 4.75, 8.375], "texture": "#3"}
			}
		},
		{
			"from": [4.21526, -6.82659, 19],
			"to": [6.21526, 6.17341, 20],
			"rotation": {"angle": 45, "axis": "z", "origin": [4.11526, 7.17341, 19.5]},
			"faces": {
				"north": {"uv": [4, 6.25, 4.25, 7.875], "texture": "#3"},
				"east": {"uv": [6.75, 9.125, 6.875, 10.75], "texture": "#3"},
				"south": {"uv": [4.25, 6.25, 4.5, 7.875], "texture": "#3"},
				"west": {"uv": [8.375, 9.5, 8.5, 11.125], "texture": "#3"},
				"up": {"uv": [10.625, 4.125, 10.375, 4], "texture": "#3"},
				"down": {"uv": [10.625, 4.125, 10.375, 4.25], "texture": "#3"}
			}
		},
		{
			"from": [9.19638, -3.85208, 19],
			"to": [11.19638, 9.14792, 20],
			"rotation": {"angle": 0, "axis": "y", "origin": [10.19638, 2.64792, 19.5]},
			"faces": {
				"north": {"uv": [3, 7, 3.25, 8.625], "texture": "#3"},
				"east": {"uv": [4.625, 9.75, 4.75, 11.375], "texture": "#3"},
				"south": {"uv": [7.25, 1.5, 7.5, 3.125], "texture": "#3"},
				"west": {"uv": [5.75, 9.75, 5.875, 11.375], "texture": "#3"},
				"up": {"uv": [5, 10.5, 4.75, 10.375], "texture": "#3"},
				"down": {"uv": [5.25, 10.375, 5, 10.5], "texture": "#3"}
			}
		},
		{
			"from": [9.19638, -3.85208, 19],
			"to": [11.19638, 9.14792, 20],
			"rotation": {"angle": -45, "axis": "z", "origin": [10.19638, 2.64792, 19.5]},
			"faces": {
				"north": {"uv": [7.25, 4.75, 7.5, 6.375], "texture": "#3"},
				"east": {"uv": [6.875, 9.75, 7, 11.375], "texture": "#3"},
				"south": {"uv": [7.25, 6.375, 7.5, 8], "texture": "#3"},
				"west": {"uv": [7, 9.75, 7.125, 11.375], "texture": "#3"},
				"up": {"uv": [5.5, 10.5, 5.25, 10.375], "texture": "#3"},
				"down": {"uv": [6.125, 10.375, 5.875, 10.5], "texture": "#3"}
			}
		},
		{
			"from": [3.69638, 1.64792, 19],
			"to": [16.69638, 3.64792, 20],
			"rotation": {"angle": 0, "axis": "y", "origin": [10.19638, 2.64792, 19.5]},
			"faces": {
				"north": {"uv": [7.25, 3.125, 8.875, 3.375], "texture": "#3"},
				"east": {"uv": [8.75, 2.5, 8.875, 2.75], "texture": "#3"},
				"south": {"uv": [7.25, 3.375, 8.875, 3.625], "texture": "#3"},
				"west": {"uv": [5.875, 8.875, 6, 9.125], "texture": "#3"},
				"up": {"uv": [8.875, 4, 7.25, 3.875], "texture": "#3"},
				"down": {"uv": [10.875, 7.875, 9.25, 8], "texture": "#3"}
			}
		},
		{
			"from": [10.1079, 6.54473, 18],
			"to": [17.1079, 7.54473, 21],
			"rotation": {"angle": -45, "axis": "z", "origin": [16.09534, 5.10018, 19.5]},
			"faces": {
				"north": {"uv": [5.875, 9.875, 6.75, 10], "texture": "#3"},
				"east": {"uv": [10.125, 5.75, 10.5, 5.875], "texture": "#3"},
				"south": {"uv": [9.875, 5.875, 10.75, 6], "texture": "#3"},
				"west": {"uv": [10.125, 7.625, 10.5, 7.75], "texture": "#3"},
				"up": {"uv": [8.875, 6, 8, 5.625], "texture": "#3"},
				"down": {"uv": [6.875, 8, 6, 8.375], "texture": "#3"}
			}
		},
		{
			"from": [17.53988, -0.88725, 18],
			"to": [18.53988, 6.11275, 21],
			"rotation": {"angle": 0, "axis": "y", "origin": [16.09534, 5.10018, 19.5]},
			"faces": {
				"north": {"uv": [2.5, 9.875, 2.625, 10.75], "texture": "#3"},
				"east": {"uv": [8, 4.75, 8.375, 5.625], "texture": "#3"},
				"south": {"uv": [2.625, 9.875, 2.75, 10.75], "texture": "#3"},
				"west": {"uv": [5.625, 8, 6, 8.875], "texture": "#3"},
				"up": {"uv": [5.625, 8.75, 5.5, 8.375], "texture": "#3"},
				"down": {"uv": [9, 10.125, 8.875, 10.5], "texture": "#3"}
			}
		},
		{
			"from": [6.59013, -5.837, 18],
			"to": [13.59013, -4.837, 21],
			"rotation": {"angle": 0, "axis": "y", "origin": [8.32237, -0.50857, 19.5]},
			"faces": {
				"north": {"uv": [9.875, 6.25, 10.75, 6.375], "texture": "#3"},
				"east": {"uv": [6.125, 10.25, 6.5, 10.375], "texture": "#3"},
				"south": {"uv": [9.875, 6.375, 10.75, 6.5], "texture": "#3"},
				"west": {"uv": [9.25, 10.25, 9.625, 10.375], "texture": "#3"},
				"up": {"uv": [9.25, 1.75, 8.375, 1.375], "texture": "#3"},
				"down": {"uv": [9.25, 1.75, 8.375, 2.125], "texture": "#3"}
			}
		},
		{
			"from": [8.27947, -8.00121, 18],
			"to": [15.27947, -7.00121, 21],
			"rotation": {"angle": 45, "axis": "z", "origin": [8.32237, -0.50857, 19.5]},
			"faces": {
				"north": {"uv": [9.875, 6, 10.75, 6.125], "texture": "#3"},
				"east": {"uv": [10.125, 7.75, 10.5, 7.875], "texture": "#3"},
				"south": {"uv": [9.875, 6.125, 10.75, 6.25], "texture": "#3"},
				"west": {"uv": [10.125, 9.875, 10.5, 10], "texture": "#3"},
				"up": {"uv": [8.5, 8.375, 7.625, 8], "texture": "#3"},
				"down": {"uv": [9.25, 1, 8.375, 1.375], "texture": "#3"}
			}
		},
		{
			"from": [4.32973, -2.05147, 18],
			"to": [5.32973, 4.94853, 21],
			"rotation": {"angle": 45, "axis": "z", "origin": [10.02947, -1.21568, 19.5]},
			"faces": {
				"north": {"uv": [3, 9.875, 3.125, 10.75], "texture": "#3"},
				"east": {"uv": [8, 6.875, 8.375, 7.75], "texture": "#3"},
				"south": {"uv": [3.125, 9.875, 3.25, 10.75], "texture": "#3"},
				"west": {"uv": [7.25, 8, 7.625, 8.875], "texture": "#3"},
				"up": {"uv": [1.625, 10.625, 1.5, 10.25], "texture": "#3"},
				"down": {"uv": [10.375, 3.875, 10.25, 4.25], "texture": "#3"}
			}
		},
		{
			"from": [1.64039, -0.88725, 18],
			"to": [2.64039, 6.11275, 21],
			"rotation": {"angle": 0, "axis": "y", "origin": [10.02947, -1.21568, 19.5]},
			"faces": {
				"north": {"uv": [2.75, 9.875, 2.875, 10.75], "texture": "#3"},
				"east": {"uv": [8, 6, 8.375, 6.875], "texture": "#3"},
				"south": {"uv": [2.875, 9.875, 3, 10.75], "texture": "#3"},
				"west": {"uv": [6.875, 8, 7.25, 8.875], "texture": "#3"},
				"up": {"uv": [1.375, 10.625, 1.25, 10.25], "texture": "#3"},
				"down": {"uv": [1.5, 10.25, 1.375, 10.625], "texture": "#3"}
			}
		},
		{
			"from": [6.60013, 9.07249, 18.01],
			"to": [13.58013, 11.05249, 20.99],
			"rotation": {"angle": 0, "axis": "y", "origin": [17.09013, 8.06249, 13.5]},
			"faces": {
				"north": {"uv": [9.625, 1.5, 10.5, 1.75], "texture": "#3"},
				"east": {"uv": [10, 8.25, 10.375, 8.5], "texture": "#3"},
				"south": {"uv": [9.625, 1.75, 10.5, 2], "texture": "#3"},
				"west": {"uv": [10, 8.5, 10.375, 8.75], "texture": "#3"},
				"up": {"uv": [6.875, 9.125, 6, 8.75], "texture": "#3"},
				"down": {"uv": [9.625, 6, 8.75, 6.375], "texture": "#3"}
			}
		},
		{
			"from": [10.1179, 5.55473, 18.01],
			"to": [17.0979, 7.53473, 20.99],
			"rotation": {"angle": -45, "axis": "z", "origin": [16.09534, 5.10018, 19.5]},
			"faces": {
				"north": {"uv": [9.625, 1, 10.5, 1.25], "texture": "#3"},
				"east": {"uv": [6.125, 10, 6.5, 10.25], "texture": "#3"},
				"south": {"uv": [9.625, 1.25, 10.5, 1.5], "texture": "#3"},
				"west": {"uv": [10, 8, 10.375, 8.25], "texture": "#3"},
				"up": {"uv": [9.625, 5.125, 8.75, 4.75], "texture": "#3"},
				"down": {"uv": [9.625, 5.125, 8.75, 5.5], "texture": "#3"}
			}
		},
		{
			"from": [16.54988, -0.87725, 18.01],
			"to": [18.52988, 6.10275, 20.99],
			"rotation": {"angle": 0, "axis": "y", "origin": [16.09534, 5.10018, 19.5]},
			"faces": {
				"north": {"uv": [7.875, 9.5, 8.125, 10.375], "texture": "#3"},
				"east": {"uv": [8.5, 8, 8.875, 8.875], "texture": "#3"},
				"south": {"uv": [8.125, 9.5, 8.375, 10.375], "texture": "#3"},
				"west": {"uv": [4, 8.75, 4.375, 9.625], "texture": "#3"},
				"up": {"uv": [10.25, 4.25, 10, 3.875], "texture": "#3"},
				"down": {"uv": [6.125, 10, 5.875, 10.375], "texture": "#3"}
			}
		},
		{
			"from": [8.28947, -7.99121, 18.01],
			"to": [15.26947, -6.01121, 20.99],
			"rotation": {"angle": 45, "axis": "z", "origin": [8.32237, -0.50857, 19.5]},
			"faces": {
				"north": {"uv": [9.625, 0, 10.5, 0.25], "texture": "#3"},
				"east": {"uv": [10, 3.375, 10.375, 3.625], "texture": "#3"},
				"south": {"uv": [0.875, 9.625, 1.75, 9.875], "texture": "#3"},
				"west": {"uv": [10, 3.625, 10.375, 3.875], "texture": "#3"},
				"up": {"uv": [8.5, 8.75, 7.625, 8.375], "texture": "#3"},
				"down": {"uv": [9.25, 7.625, 8.375, 8], "texture": "#3"}
			}
		},
		{
			"from": [6.60013, -5.827, 18.01],
			"to": [13.58013, -3.847, 20.99],
			"rotation": {"angle": 0, "axis": "y", "origin": [8.32237, -0.50857, 19.5]},
			"faces": {
				"north": {"uv": [8.875, 9.5, 9.75, 9.75], "texture": "#3"},
				"east": {"uv": [2.5, 9.25, 2.875, 9.5], "texture": "#3"},
				"south": {"uv": [0, 9.625, 0.875, 9.875], "texture": "#3"},
				"west": {"uv": [1.25, 10, 1.625, 10.25], "texture": "#3"},
				"up": {"uv": [9.25, 7.25, 8.375, 6.875], "texture": "#3"},
				"down": {"uv": [9.25, 7.25, 8.375, 7.625], "texture": "#3"}
			}
		},
		{
			"from": [4.33973, -2.04147, 18.01],
			"to": [6.31973, 4.93853, 20.99],
			"rotation": {"angle": 45, "axis": "z", "origin": [10.02947, -1.21568, 19.5]},
			"faces": {
				"north": {"uv": [3.625, 9.5, 3.875, 10.375], "texture": "#3"},
				"east": {"uv": [5.125, 8.375, 5.5, 9.25], "texture": "#3"},
				"south": {"uv": [7.625, 9.5, 7.875, 10.375], "texture": "#3"},
				"west": {"uv": [8.375, 6, 8.75, 6.875], "texture": "#3"},
				"up": {"uv": [1, 10.375, 0.75, 10], "texture": "#3"},
				"down": {"uv": [1.25, 10, 1, 10.375], "texture": "#3"}
			}
		},
		{
			"from": [1.62526, 6.18341, 18.01],
			"to": [8.60526, 8.16341, 20.99],
			"rotation": {"angle": 45, "axis": "z", "origin": [4.11526, 7.17341, 19.5]},
			"faces": {
				"north": {"uv": [8.875, 3.75, 9.75, 4], "texture": "#3"},
				"east": {"uv": [8, 7.75, 8.375, 8], "texture": "#3"},
				"south": {"uv": [9.25, 3.125, 10.125, 3.375], "texture": "#3"},
				"west": {"uv": [8.375, 2.5, 8.75, 2.75], "texture": "#3"},
				"up": {"uv": [9.25, 2.5, 8.375, 2.125], "texture": "#3"},
				"down": {"uv": [6.875, 8.375, 6, 8.75], "texture": "#3"}
			}
		},
		{
			"from": [1.65039, -0.87725, 18.01],
			"to": [3.63039, 6.10275, 20.99],
			"rotation": {"angle": 0, "axis": "y", "origin": [10.02947, -1.21568, 19.5]},
			"faces": {
				"north": {"uv": [3, 8.625, 3.25, 9.5], "texture": "#3"},
				"east": {"uv": [4.75, 8.375, 5.125, 9.25], "texture": "#3"},
				"south": {"uv": [3.375, 9.5, 3.625, 10.375], "texture": "#3"},
				"west": {"uv": [8.375, 4.75, 8.75, 5.625], "texture": "#3"},
				"up": {"uv": [0.5, 10.375, 0.25, 10], "texture": "#3"},
				"down": {"uv": [0.75, 10, 0.5, 10.375], "texture": "#3"}
			}
		},
		{
			"from": [3.69638, 1.64792, -4],
			"to": [16.69638, 3.64792, -3],
			"rotation": {"angle": 0, "axis": "y", "origin": [10.19638, 2.64792, -3.5]},
			"faces": {
				"north": {"uv": [7.25, 3.625, 8.875, 3.875], "texture": "#3"},
				"east": {"uv": [2.875, 9.25, 3, 9.5], "texture": "#3"},
				"south": {"uv": [8, 0, 9.625, 0.25], "texture": "#3"},
				"west": {"uv": [3.75, 10.375, 3.875, 10.625], "texture": "#3"},
				"up": {"uv": [11.375, 4.625, 9.75, 4.5], "texture": "#3"},
				"down": {"uv": [11.375, 4.625, 9.75, 4.75], "texture": "#3"}
			}
		},
		{
			"from": [16.54988, -0.87725, -4.99],
			"to": [18.52988, 6.10275, -2.01],
			"rotation": {"angle": 0, "axis": "y", "origin": [16.09534, 5.10018, -3.5]},
			"faces": {
				"north": {"uv": [4.375, 9.75, 4.625, 10.625], "texture": "#3"},
				"east": {"uv": [4.75, 9.25, 5.125, 10.125], "texture": "#3"},
				"south": {"uv": [5.5, 9.75, 5.75, 10.625], "texture": "#3"},
				"west": {"uv": [5.125, 9.25, 5.5, 10.125], "texture": "#3"},
				"up": {"uv": [10.375, 7.625, 10.125, 7.25], "texture": "#3"},
				"down": {"uv": [8.875, 10.125, 8.625, 10.5], "texture": "#3"}
			}
		},
		{
			"from": [10.1179, 5.55473, -4.99],
			"to": [17.0979, 7.53473, -2.01],
			"rotation": {"angle": -45, "axis": "z", "origin": [16.09534, 5.10018, -3.5]},
			"faces": {
				"north": {"uv": [9.75, 0.75, 10.625, 1], "texture": "#3"},
				"east": {"uv": [10.125, 6.75, 10.5, 7], "texture": "#3"},
				"south": {"uv": [9.75, 4.25, 10.625, 4.5], "texture": "#3"},
				"west": {"uv": [10.125, 7, 10.5, 7.25], "texture": "#3"},
				"up": {"uv": [3.375, 9.875, 2.5, 9.5], "texture": "#3"},
				"down": {"uv": [6.75, 9.5, 5.875, 9.875], "texture": "#3"}
			}
		},
		{
			"from": [9.19638, -3.85208, -4],
			"to": [11.19638, 9.14792, -3],
			"rotation": {"angle": -45, "axis": "z", "origin": [10.19638, 2.64792, -3.5]},
			"faces": {
				"north": {"uv": [7.75, 4.75, 8, 6.375], "texture": "#3"},
				"east": {"uv": [9.75, 8, 9.875, 9.625], "texture": "#3"},
				"south": {"uv": [7.75, 6.375, 8, 8], "texture": "#3"},
				"west": {"uv": [8.5, 9.75, 8.625, 11.375], "texture": "#3"},
				"up": {"uv": [10.625, 7.625, 10.375, 7.5], "texture": "#3"},
				"down": {"uv": [7.875, 10.375, 7.625, 10.5], "texture": "#3"}
			}
		},
		{
			"from": [9.19638, -3.85208, -4],
			"to": [11.19638, 9.14792, -3],
			"rotation": {"angle": 0, "axis": "y", "origin": [10.19638, 2.64792, -3.5]},
			"faces": {
				"north": {"uv": [7.5, 6.375, 7.75, 8], "texture": "#3"},
				"east": {"uv": [7.375, 9.75, 7.5, 11.375], "texture": "#3"},
				"south": {"uv": [7.75, 1.5, 8, 3.125], "texture": "#3"},
				"west": {"uv": [7.5, 9.75, 7.625, 11.375], "texture": "#3"},
				"up": {"uv": [10.625, 7.375, 10.375, 7.25], "texture": "#3"},
				"down": {"uv": [10.625, 7.375, 10.375, 7.5], "texture": "#3"}
			}
		},
		{
			"from": [6.60013, 9.07249, -4.99],
			"to": [13.58013, 11.05249, -2.01],
			"rotation": {"angle": 0, "axis": "y", "origin": [17.09013, 8.06249, 2.5]},
			"faces": {
				"north": {"uv": [9.75, 0.25, 10.625, 0.5], "texture": "#3"},
				"east": {"uv": [5.125, 10.125, 5.5, 10.375], "texture": "#3"},
				"south": {"uv": [9.75, 0.5, 10.625, 0.75], "texture": "#3"},
				"west": {"uv": [10.125, 5.5, 10.5, 5.75], "texture": "#3"},
				"up": {"uv": [10.125, 7.5, 9.25, 7.125], "texture": "#3"},
				"down": {"uv": [10.125, 7.5, 9.25, 7.875], "texture": "#3"}
			}
		},
		{
			"from": [4.21526, -6.82659, -4],
			"to": [6.21526, 6.17341, -3],
			"rotation": {"angle": 45, "axis": "z", "origin": [4.11526, 7.17341, -3.5]},
			"faces": {
				"north": {"uv": [7.5, 1.5, 7.75, 3.125], "texture": "#3"},
				"east": {"uv": [7.125, 9.75, 7.25, 11.375], "texture": "#3"},
				"south": {"uv": [7.5, 4.75, 7.75, 6.375], "texture": "#3"},
				"west": {"uv": [7.25, 9.75, 7.375, 11.375], "texture": "#3"},
				"up": {"uv": [6.375, 10.5, 6.125, 10.375], "texture": "#3"},
				"down": {"uv": [6.625, 10.375, 6.375, 10.5], "texture": "#3"}
			}
		},
		{
			"from": [1.62526, 6.18341, -4.99],
			"to": [8.60526, 8.16341, -2.01],
			"rotation": {"angle": 45, "axis": "z", "origin": [4.11526, 7.17341, -3.5]},
			"faces": {
				"north": {"uv": [9.625, 5, 10.5, 5.25], "texture": "#3"},
				"east": {"uv": [10.125, 3.125, 10.5, 3.375], "texture": "#3"},
				"south": {"uv": [9.625, 5.25, 10.5, 5.5], "texture": "#3"},
				"west": {"uv": [4.75, 10.125, 5.125, 10.375], "texture": "#3"},
				"up": {"uv": [10.125, 3.125, 9.25, 2.75], "texture": "#3"},
				"down": {"uv": [10.125, 6.75, 9.25, 7.125], "texture": "#3"}
			}
		},
		{
			"from": [1.65039, -0.87725, -4.99],
			"to": [3.63039, 6.10275, -2.01],
			"rotation": {"angle": 0, "axis": "y", "origin": [10.02947, -1.21568, -3.5]},
			"faces": {
				"north": {"uv": [9.625, 5.875, 9.875, 6.75], "texture": "#3"},
				"east": {"uv": [9.25, 1.875, 9.625, 2.75], "texture": "#3"},
				"south": {"uv": [9.75, 3.375, 10, 4.25], "texture": "#3"},
				"west": {"uv": [2.125, 9.25, 2.5, 10.125], "texture": "#3"},
				"up": {"uv": [2.5, 10.5, 2.25, 10.125], "texture": "#3"},
				"down": {"uv": [10.375, 2.75, 10.125, 3.125], "texture": "#3"}
			}
		},
		{
			"from": [4.33973, -2.04147, -4.99],
			"to": [6.31973, 4.93853, -2.01],
			"rotation": {"angle": 45, "axis": "z", "origin": [10.02947, -1.21568, -3.5]},
			"faces": {
				"north": {"uv": [3.875, 9.625, 4.125, 10.5], "texture": "#3"},
				"east": {"uv": [9.25, 1, 9.625, 1.875], "texture": "#3"},
				"south": {"uv": [4.125, 9.625, 4.375, 10.5], "texture": "#3"},
				"west": {"uv": [1.75, 9.25, 2.125, 10.125], "texture": "#3"},
				"up": {"uv": [6.75, 10.375, 6.5, 10], "texture": "#3"},
				"down": {"uv": [2.25, 10.125, 2, 10.5], "texture": "#3"}
			}
		},
		{
			"from": [6.60013, -5.827, -4.99],
			"to": [13.58013, -3.847, -2.01],
			"rotation": {"angle": 0, "axis": "y", "origin": [8.32237, -0.50857, -3.5]},
			"faces": {
				"north": {"uv": [9.625, 2.5, 10.5, 2.75], "texture": "#3"},
				"east": {"uv": [10, 10, 10.375, 10.25], "texture": "#3"},
				"south": {"uv": [9.625, 4.75, 10.5, 5], "texture": "#3"},
				"west": {"uv": [1.625, 10.125, 2, 10.375], "texture": "#3"},
				"up": {"uv": [0.875, 9.625, 0, 9.25], "texture": "#3"},
				"down": {"uv": [1.75, 9.25, 0.875, 9.625], "texture": "#3"}
			}
		},
		{
			"from": [8.28947, -7.99121, -4.99],
			"to": [15.26947, -6.01121, -2.01],
			"rotation": {"angle": 45, "axis": "z", "origin": [8.32237, -0.50857, -3.5]},
			"faces": {
				"north": {"uv": [9.625, 2, 10.5, 2.25], "texture": "#3"},
				"east": {"uv": [9.25, 10, 9.625, 10.25], "texture": "#3"},
				"south": {"uv": [9.625, 2.25, 10.5, 2.5], "texture": "#3"},
				"west": {"uv": [9.625, 10, 10, 10.25], "texture": "#3"},
				"up": {"uv": [8.5, 9.5, 7.625, 9.125], "texture": "#3"},
				"down": {"uv": [9.75, 9.125, 8.875, 9.5], "texture": "#3"}
			}
		},
		{
			"from": [8.27947, -8.00121, -5],
			"to": [15.27947, -7.00121, -2],
			"rotation": {"angle": 45, "axis": "z", "origin": [8.32237, -0.50857, -3.5]},
			"faces": {
				"north": {"uv": [9.875, 9.5, 10.75, 9.625], "texture": "#3"},
				"east": {"uv": [10.375, 3.75, 10.75, 3.875], "texture": "#3"},
				"south": {"uv": [9.875, 9.75, 10.75, 9.875], "texture": "#3"},
				"west": {"uv": [10.375, 3.875, 10.75, 4], "texture": "#3"},
				"up": {"uv": [9.75, 9.125, 8.875, 8.75], "texture": "#3"},
				"down": {"uv": [6.75, 9.125, 5.875, 9.5], "texture": "#3"}
			}
		},
		{
			"from": [17.53988, -0.88725, -5],
			"to": [18.53988, 6.11275, -2],
			"rotation": {"angle": 0, "axis": "y", "origin": [16.09534, 5.10018, -3.5]},
			"faces": {
				"north": {"uv": [0, 10, 0.125, 10.875], "texture": "#3"},
				"east": {"uv": [7.25, 8.875, 7.625, 9.75], "texture": "#3"},
				"south": {"uv": [0.125, 10, 0.25, 10.875], "texture": "#3"},
				"west": {"uv": [8.5, 8.875, 8.875, 9.75], "texture": "#3"},
				"up": {"uv": [1.25, 10.75, 1.125, 10.375], "texture": "#3"},
				"down": {"uv": [10.5, 3.375, 10.375, 3.75], "texture": "#3"}
			}
		},
		{
			"from": [10.1079, 6.54473, -5],
			"to": [17.1079, 7.54473, -2],
			"rotation": {"angle": -45, "axis": "z", "origin": [16.09534, 5.10018, -3.5]},
			"faces": {
				"north": {"uv": [9.875, 9.25, 10.75, 9.375], "texture": "#3"},
				"east": {"uv": [10.375, 3, 10.75, 3.125], "texture": "#3"},
				"south": {"uv": [9.875, 9.375, 10.75, 9.5], "texture": "#3"},
				"west": {"uv": [3.375, 10.375, 3.75, 10.5], "texture": "#3"},
				"up": {"uv": [9.75, 8.375, 8.875, 8], "texture": "#3"},
				"down": {"uv": [9.75, 8.375, 8.875, 8.75], "texture": "#3"}
			}
		},
		{
			"from": [6.59013, 10.06249, -5],
			"to": [13.59013, 11.06249, -2],
			"rotation": {"angle": 0, "axis": "y", "origin": [17.09013, 8.06249, 2.5]},
			"faces": {
				"north": {"uv": [9.875, 9.125, 10.75, 9.25], "texture": "#3"},
				"east": {"uv": [10.375, 2.75, 10.75, 2.875], "texture": "#3"},
				"south": {"uv": [9.25, 9.875, 10.125, 10], "texture": "#3"},
				"west": {"uv": [10.375, 2.875, 10.75, 3], "texture": "#3"},
				"up": {"uv": [9.75, 3.75, 8.875, 3.375], "texture": "#3"},
				"down": {"uv": [9.75, 5.5, 8.875, 5.875], "texture": "#3"}
			}
		},
		{
			"from": [1.61526, 7.17341, -5],
			"to": [8.61526, 8.17341, -2],
			"rotation": {"angle": 45, "axis": "z", "origin": [4.11526, 7.17341, -3.5]},
			"faces": {
				"north": {"uv": [9.875, 8.875, 10.75, 9], "texture": "#3"},
				"east": {"uv": [0.75, 10.375, 1.125, 10.5], "texture": "#3"},
				"south": {"uv": [9.875, 9, 10.75, 9.125], "texture": "#3"},
				"west": {"uv": [1.625, 10.375, 2, 10.5], "texture": "#3"},
				"up": {"uv": [9.75, 0.625, 8.875, 0.25], "texture": "#3"},
				"down": {"uv": [9.75, 0.625, 8.875, 1], "texture": "#3"}
			}
		},
		{
			"from": [1.64039, -0.88725, -5],
			"to": [2.64039, 6.11275, -2],
			"rotation": {"angle": 0, "axis": "y", "origin": [10.02947, -1.21568, -3.5]},
			"faces": {
				"north": {"uv": [9, 9.875, 9.125, 10.75], "texture": "#3"},
				"east": {"uv": [5.5, 8.875, 5.875, 9.75], "texture": "#3"},
				"south": {"uv": [9.125, 9.875, 9.25, 10.75], "texture": "#3"},
				"west": {"uv": [6.875, 8.875, 7.25, 9.75], "texture": "#3"},
				"up": {"uv": [0.625, 10.75, 0.5, 10.375], "texture": "#3"},
				"down": {"uv": [0.75, 10.375, 0.625, 10.75], "texture": "#3"}
			}
		},
		{
			"from": [4.32973, -2.05147, -5],
			"to": [5.32973, 4.94853, -2],
			"rotation": {"angle": 45, "axis": "z", "origin": [10.02947, -1.21568, -3.5]},
			"faces": {
				"north": {"uv": [3.25, 9.875, 3.375, 10.75], "texture": "#3"},
				"east": {"uv": [8.875, 2.5, 9.25, 3.375], "texture": "#3"},
				"south": {"uv": [9.875, 8, 10, 8.875], "texture": "#3"},
				"west": {"uv": [4.375, 8.875, 4.75, 9.75], "texture": "#3"},
				"up": {"uv": [0.375, 10.75, 0.25, 10.375], "texture": "#3"},
				"down": {"uv": [0.5, 10.375, 0.375, 10.75], "texture": "#3"}
			}
		},
		{
			"from": [6.59013, -5.837, -5],
			"to": [13.59013, -4.837, -2],
			"rotation": {"angle": 0, "axis": "y", "origin": [8.32237, -0.50857, -3.5]},
			"faces": {
				"north": {"uv": [9.875, 6.5, 10.75, 6.625], "texture": "#3"},
				"east": {"uv": [9.625, 10.25, 10, 10.375], "texture": "#3"},
				"south": {"uv": [9.875, 6.625, 10.75, 6.75], "texture": "#3"},
				"west": {"uv": [10, 10.25, 10.375, 10.375], "texture": "#3"},
				"up": {"uv": [9.625, 6.75, 8.75, 6.375], "texture": "#3"},
				"down": {"uv": [8.5, 8.75, 7.625, 9.125], "texture": "#3"}
			}
		},
		{
			"from": [7.09013, -0.43751, -5],
			"to": [13.09013, 5.56249, 21],
			"rotation": {"angle": 0, "axis": "y", "origin": [16.09013, 7.56249, 12.5]},
			"faces": {
				"north": {"uv": [7.25, 0, 8, 0.75], "texture": "#3"},
				"east": {"uv": [0, 6.25, 3.25, 7], "texture": "#3"},
				"south": {"uv": [7.25, 0.75, 8, 1.5], "texture": "#3"},
				"west": {"uv": [6.5, 4, 9.75, 4.75], "texture": "#3"},
				"up": {"uv": [4, 9.5, 3.25, 6.25], "texture": "#3"},
				"down": {"uv": [7.25, 4.75, 6.5, 8], "texture": "#3"}
			}
		},
		{
			"from": [-1.96566, 25.43507, -1],
			"to": [16.03434, 31.43507, 17],
			"rotation": {"angle": 22.5, "axis": "z", "origin": [10.84554, 13.8434, 8]},
			"faces": {
				"north": {"uv": [0, 7, 0.75, 9.25], "rotation": 270, "texture": "#3"},
				"east": {"uv": [2.25, 9.25, 1.5, 7], "rotation": 90, "texture": "#3"},
				"south": {"uv": [0.75, 7, 1.5, 9.25], "rotation": 90, "texture": "#3"},
				"west": {"uv": [3, 7, 2.25, 9.25], "rotation": 90, "texture": "#3"},
				"up": {"uv": [2.25, 4, 4.5, 6.25], "rotation": 90, "texture": "#3"},
				"down": {"uv": [0, 4, 2.25, 6.25], "rotation": 90, "texture": "#3"}
			}
		},
		{
			"from": [16.45062, 0.32093, 6.5],
			"to": [23.45062, 3.32093, 9.5],
			"rotation": {"angle": 0, "axis": "y", "origin": [10.84554, 13.8434, 8]},
			"faces": {
				"north": {"uv": [4, 7.875, 4.375, 8.75], "rotation": 270, "texture": "#3"},
				"east": {"uv": [10.125, 5.875, 9.75, 5.5], "rotation": 90, "texture": "#3"},
				"south": {"uv": [8, 1.875, 8.375, 2.75], "rotation": 90, "texture": "#3"},
				"west": {"uv": [9, 9.75, 8.625, 10.125], "rotation": 90, "texture": "#3"},
				"up": {"uv": [4.375, 8, 4.75, 8.875], "rotation": 90, "texture": "#3"},
				"down": {"uv": [8, 1, 8.375, 1.875], "rotation": 90, "texture": "#3"}
			}
		}
	],
	"gui_light": "front",
	"display": {
		"thirdperson_righthand": {
			"scale": [0.5, 0.5, 0.5]
		},
		"thirdperson_lefthand": {
			"scale": [0.5, 0.5, 0.5]
		},
		"firstperson_righthand": {
			"scale": [0.5, 0.5, 0.5]
		},
		"firstperson_lefthand": {
			"scale": [0.5, 0.5, 0.5]
		},
		"ground": {
			"rotation": [0, 32, 52]
		},
		"gui": {
			"rotation": [0, 0, 27],
			"translation": [1.75, -1.5, 0],
			"scale": [0.5, 0.5, 0.5]
		},
		"head": {
			"rotation": [-60, -90, 0],
			"translation": [0, -14.5, 0],
			"scale": [1.8, 1.8, 1.8]
		},
		"fixed": {
			"rotation": [0, 0, 27],
			"translation": [1.75, -1.5, 0],
			"scale": [0.5, 0.5, 0.5]
		}
	}
}