{
	"format_version": "1.21.6",
	"credit": "Made with Blockbench",
	"textures": {
		"0": "civilization:item/cosmetics/text",
		"1": "civilization:item/cosmetics/velvet",
		"particle": "civilization:item/cosmetics/text"
	},
	"elements": [
		{
			"from": [5, 6, 6.5],
			"to": [12, 8, 8.5],
			"rotation": {"angle": 0, "axis": "y", "origin": [10, 7, 7]},
			"faces": {
				"north": {"uv": [2, 6, 16, 10], "texture": "#1"},
				"east": {"uv": [14, 6, 16, 10], "texture": "#1"},
				"south": {"uv": [2, 6, 16, 10], "texture": "#1"},
				"west": {"uv": [0, 6, 2, 10], "texture": "#1"},
				"up": {"uv": [2, 6, 16, 10], "texture": "#1"},
				"down": {"uv": [2, 9, 16, 11], "texture": "#1"}
			}
		},
		{
			"from": [5, 8, 6.5],
			"to": [6, 9, 8.5],
			"rotation": {"angle": 0, "axis": "y", "origin": [5, 7, 7]},
			"faces": {
				"north": {"uv": [2, 4, 4, 6], "texture": "#1"},
				"east": {"uv": [2, 4, 4, 6], "texture": "#1"},
				"south": {"uv": [2, 4, 4, 6], "texture": "#1"},
				"west": {"uv": [0, 4, 2, 6], "texture": "#1"},
				"up": {"uv": [2, 2, 4, 4], "texture": "#1"},
				"down": {"uv": [2, 4, 4, 6], "texture": "#1"}
			}
		},
		{
			"from": [6, 8, 6.5],
			"to": [7, 9, 8.5],
			"rotation": {"angle": 0, "axis": "y", "origin": [6, 7, 7]},
			"faces": {
				"north": {"uv": [5, 2, 5, 5], "texture": "#0"},
				"east": {"uv": [5, 2, 5, 5], "texture": "#0"},
				"south": {"uv": [5, 2, 5, 5], "texture": "#0"},
				"west": {"uv": [5, 2, 5, 5], "texture": "#0"},
				"up": {"uv": [5, 2, 5, 5], "texture": "#0"},
				"down": {"uv": [5, 2, 5, 5], "texture": "#0"}
			}
		},
		{
			"from": [9, 9, 6.5],
			"to": [11, 10, 8.5],
			"rotation": {"angle": 0, "axis": "y", "origin": [10, 8, 7]},
			"faces": {
				"north": {"uv": [8, 2, 12, 4], "texture": "#1"},
				"east": {"uv": [14, 2, 16, 4], "texture": "#1"},
				"south": {"uv": [8, 2, 12, 4], "texture": "#1"},
				"west": {"uv": [0, 2, 2, 4], "texture": "#1"},
				"up": {"uv": [8, 0, 12, 2], "texture": "#1"},
				"down": {"uv": [8, 2, 12, 4], "texture": "#1"}
			}
		},
		{
			"from": [7, 8, 6.5],
			"to": [12, 9, 8.5],
			"rotation": {"angle": 0, "axis": "y", "origin": [11, 7, 7]},
			"faces": {
				"north": {"uv": [4, 4, 14, 6], "texture": "#1"},
				"east": {"uv": [14, 4, 16, 6], "texture": "#1"},
				"south": {"uv": [4, 4, 14, 6], "texture": "#1"},
				"west": {"uv": [0, 4, 2, 6], "texture": "#1"},
				"up": {"uv": [4, 2, 14, 4], "texture": "#1"},
				"down": {"uv": [4, 4, 14, 6], "texture": "#1"}
			}
		},
		{
			"from": [6, 9, 6.5],
			"to": [8, 10, 8.5],
			"rotation": {"angle": 0, "axis": "y", "origin": [7, 8, 7]},
			"faces": {
				"north": {"uv": [2, 2, 6, 4], "texture": "#1"},
				"east": {"uv": [14, 2, 16, 4], "texture": "#1"},
				"south": {"uv": [2, 2, 6, 4], "texture": "#1"},
				"west": {"uv": [0, 2, 2, 4], "texture": "#1"},
				"up": {"uv": [2, 0, 6, 2], "texture": "#1"},
				"down": {"uv": [2, 2, 6, 4], "texture": "#1"}
			}
		},
		{
			"from": [7, 4, 6.5],
			"to": [10, 5, 8.5],
			"rotation": {"angle": 0, "axis": "y", "origin": [9, 3, 7]},
			"faces": {
				"north": {"uv": [2, 12, 8, 14], "texture": "#1"},
				"east": {"uv": [14, 12, 16, 14], "texture": "#1"},
				"south": {"uv": [2, 12, 8, 14], "texture": "#1"},
				"west": {"uv": [0, 12, 2, 14], "texture": "#1"},
				"up": {"uv": [2, 12, 8, 14], "texture": "#1"},
				"down": {"uv": [2, 14, 8, 16], "texture": "#1"}
			}
		},
		{
			"from": [8, 3, 6.5],
			"to": [9, 4, 8.5],
			"rotation": {"angle": 0, "axis": "y", "origin": [8, 2, 7]},
			"faces": {
				"north": {"uv": [2, 14, 4, 16], "texture": "#1"},
				"east": {"uv": [14, 14, 16, 16], "texture": "#1"},
				"south": {"uv": [2, 14, 4, 16], "texture": "#1"},
				"west": {"uv": [0, 14, 2, 16], "texture": "#1"},
				"up": {"uv": [2, 14, 4, 16], "texture": "#1"},
				"down": {"uv": [2, 14, 4, 16], "texture": "#1"}
			}
		},
		{
			"from": [6, 5, 6.5],
			"to": [11, 6, 8.5],
			"rotation": {"angle": 0, "axis": "y", "origin": [10, 4, 7]},
			"faces": {
				"north": {"uv": [2, 10, 12, 12], "texture": "#1"},
				"east": {"uv": [14, 10, 16, 12], "texture": "#1"},
				"south": {"uv": [2, 10, 12, 12], "texture": "#1"},
				"west": {"uv": [0, 10, 2, 12], "texture": "#1"},
				"up": {"uv": [2, 10, 12, 12], "texture": "#1"},
				"down": {"uv": [2, 12, 12, 14], "texture": "#1"}
			}
		},
		{
			"from": [6, 10, 7],
			"to": [8, 11, 8],
			"rotation": {"angle": 0, "axis": "y", "origin": [6, 11, 7]},
			"faces": {
				"north": {"uv": [8, 2, 9, 5], "texture": "#0"},
				"east": {"uv": [8, 2, 9, 5], "texture": "#0"},
				"south": {"uv": [8, 2, 9, 5], "texture": "#0"},
				"west": {"uv": [8, 2, 9, 5], "texture": "#0"},
				"up": {"uv": [8, 2, 9, 5], "texture": "#0"},
				"down": {"uv": [8, 2, 9, 5], "texture": "#0"}
			}
		},
		{
			"from": [8, 9, 7],
			"to": [9, 10, 8],
			"rotation": {"angle": 0, "axis": "y", "origin": [7, 10, 7]},
			"faces": {
				"north": {"uv": [8, 2, 9, 5], "texture": "#0"},
				"east": {"uv": [8, 2, 9, 5], "texture": "#0"},
				"south": {"uv": [8, 2, 9, 5], "texture": "#0"},
				"west": {"uv": [8, 2, 9, 5], "texture": "#0"},
				"up": {"uv": [8, 2, 9, 5], "texture": "#0"},
				"down": {"uv": [8, 2, 9, 5], "texture": "#0"}
			}
		},
		{
			"from": [9, 10, 7],
			"to": [11, 11, 8],
			"rotation": {"angle": 0, "axis": "y", "origin": [9, 11, 7]},
			"faces": {
				"north": {"uv": [8, 2, 9, 5], "texture": "#0"},
				"east": {"uv": [8, 2, 9, 5], "texture": "#0"},
				"south": {"uv": [8, 2, 9, 5], "texture": "#0"},
				"west": {"uv": [8, 2, 9, 5], "texture": "#0"},
				"up": {"uv": [8, 2, 9, 5], "texture": "#0"},
				"down": {"uv": [8, 2, 9, 5], "texture": "#0"}
			}
		},
		{
			"from": [11, 9, 7],
			"to": [12, 10, 8],
			"rotation": {"angle": 0, "axis": "y", "origin": [10, 10, 7]},
			"faces": {
				"north": {"uv": [8, 2, 9, 5], "texture": "#0"},
				"east": {"uv": [8, 2, 9, 5], "texture": "#0"},
				"south": {"uv": [8, 2, 9, 5], "texture": "#0"},
				"west": {"uv": [8, 2, 9, 5], "texture": "#0"},
				"up": {"uv": [8, 2, 9, 5], "texture": "#0"},
				"down": {"uv": [8, 2, 9, 5], "texture": "#0"}
			}
		},
		{
			"from": [12, 6, 7],
			"to": [13, 9, 8],
			"rotation": {"angle": 0, "axis": "y", "origin": [11, 7, 7]},
			"faces": {
				"north": {"uv": [8, 2, 9, 5], "texture": "#0"},
				"east": {"uv": [8, 2, 9, 5], "texture": "#0"},
				"south": {"uv": [8, 2, 9, 5], "texture": "#0"},
				"west": {"uv": [8, 2, 9, 5], "texture": "#0"},
				"up": {"uv": [8, 2, 9, 5], "texture": "#0"},
				"down": {"uv": [8, 2, 9, 5], "texture": "#0"}
			}
		},
		{
			"from": [11, 5, 7],
			"to": [12, 6, 8],
			"rotation": {"angle": 0, "axis": "y", "origin": [10, 6, 7]},
			"faces": {
				"north": {"uv": [8, 2, 9, 5], "texture": "#0"},
				"east": {"uv": [8, 2, 9, 5], "texture": "#0"},
				"south": {"uv": [8, 2, 9, 5], "texture": "#0"},
				"west": {"uv": [8, 2, 9, 5], "texture": "#0"},
				"up": {"uv": [8, 2, 9, 5], "texture": "#0"},
				"down": {"uv": [8, 2, 9, 5], "texture": "#0"}
			}
		},
		{
			"from": [10, 4, 7],
			"to": [11, 5, 8],
			"rotation": {"angle": 0, "axis": "y", "origin": [9, 5, 7]},
			"faces": {
				"north": {"uv": [8, 2, 9, 5], "texture": "#0"},
				"east": {"uv": [8, 2, 9, 5], "texture": "#0"},
				"south": {"uv": [8, 2, 9, 5], "texture": "#0"},
				"west": {"uv": [8, 2, 9, 5], "texture": "#0"},
				"up": {"uv": [8, 2, 9, 5], "texture": "#0"},
				"down": {"uv": [8, 2, 9, 5], "texture": "#0"}
			}
		},
		{
			"from": [9, 3, 7],
			"to": [10, 4, 8],
			"rotation": {"angle": 0, "axis": "y", "origin": [8, 4, 7]},
			"faces": {
				"north": {"uv": [8, 2, 9, 5], "texture": "#0"},
				"east": {"uv": [8, 2, 9, 5], "texture": "#0"},
				"south": {"uv": [8, 2, 9, 5], "texture": "#0"},
				"west": {"uv": [8, 2, 9, 5], "texture": "#0"},
				"up": {"uv": [8, 2, 9, 5], "texture": "#0"},
				"down": {"uv": [8, 2, 9, 5], "texture": "#0"}
			}
		},
		{
			"from": [8, 2, 7],
			"to": [9, 3, 8],
			"rotation": {"angle": 0, "axis": "y", "origin": [7, 3, 7]},
			"faces": {
				"north": {"uv": [8, 2, 9, 5], "texture": "#0"},
				"east": {"uv": [8, 2, 9, 5], "texture": "#0"},
				"south": {"uv": [8, 2, 9, 5], "texture": "#0"},
				"west": {"uv": [8, 2, 9, 5], "texture": "#0"},
				"up": {"uv": [8, 2, 9, 5], "texture": "#0"},
				"down": {"uv": [8, 2, 9, 5], "texture": "#0"}
			}
		},
		{
			"from": [7, 3, 7],
			"to": [8, 4, 8],
			"rotation": {"angle": 0, "axis": "y", "origin": [6, 4, 7]},
			"faces": {
				"north": {"uv": [8, 2, 9, 5], "texture": "#0"},
				"east": {"uv": [8, 2, 9, 5], "texture": "#0"},
				"south": {"uv": [8, 2, 9, 5], "texture": "#0"},
				"west": {"uv": [8, 2, 9, 5], "texture": "#0"},
				"up": {"uv": [8, 2, 9, 5], "texture": "#0"},
				"down": {"uv": [8, 2, 9, 5], "texture": "#0"}
			}
		},
		{
			"from": [6, 4, 7],
			"to": [7, 5, 8],
			"rotation": {"angle": 0, "axis": "y", "origin": [5, 5, 7]},
			"faces": {
				"north": {"uv": [8, 2, 9, 5], "texture": "#0"},
				"east": {"uv": [8, 2, 9, 5], "texture": "#0"},
				"south": {"uv": [8, 2, 9, 5], "texture": "#0"},
				"west": {"uv": [8, 2, 9, 5], "texture": "#0"},
				"up": {"uv": [8, 2, 9, 5], "texture": "#0"},
				"down": {"uv": [8, 2, 9, 5], "texture": "#0"}
			}
		},
		{
			"from": [5, 5, 7],
			"to": [6, 6, 8],
			"rotation": {"angle": 0, "axis": "y", "origin": [4, 6, 7]},
			"faces": {
				"north": {"uv": [8, 2, 9, 5], "texture": "#0"},
				"east": {"uv": [8, 2, 9, 5], "texture": "#0"},
				"south": {"uv": [8, 2, 9, 5], "texture": "#0"},
				"west": {"uv": [8, 2, 9, 5], "texture": "#0"},
				"up": {"uv": [8, 2, 9, 5], "texture": "#0"},
				"down": {"uv": [8, 2, 9, 5], "texture": "#0"}
			}
		},
		{
			"from": [4, 6, 7],
			"to": [5, 9, 8],
			"rotation": {"angle": 0, "axis": "y", "origin": [3, 7, 7]},
			"faces": {
				"north": {"uv": [8, 2, 9, 5], "texture": "#0"},
				"east": {"uv": [8, 2, 9, 5], "texture": "#0"},
				"south": {"uv": [8, 2, 9, 5], "texture": "#0"},
				"west": {"uv": [8, 2, 9, 5], "texture": "#0"},
				"up": {"uv": [8, 2, 9, 5], "texture": "#0"},
				"down": {"uv": [8, 2, 9, 5], "texture": "#0"}
			}
		},
		{
			"from": [5, 9, 7],
			"to": [6, 10, 8],
			"rotation": {"angle": 0, "axis": "y", "origin": [4, 10, 7]},
			"faces": {
				"north": {"uv": [8, 2, 9, 5], "texture": "#0"},
				"east": {"uv": [8, 2, 9, 5], "texture": "#0"},
				"south": {"uv": [8, 2, 9, 5], "texture": "#0"},
				"west": {"uv": [8, 2, 9, 5], "texture": "#0"},
				"up": {"uv": [8, 2, 9, 5], "texture": "#0"},
				"down": {"uv": [8, 2, 9, 5], "texture": "#0"}
			}
		}
	],
	"display": {
		"thirdperson_righthand": {
			"translation": [0.5, 2.5, 1],
			"scale": [0.55, 0.55, 0.55]
		},
		"thirdperson_lefthand": {
			"translation": [0, 3, 1],
			"scale": [0.55, 0.55, 0.55]
		},
		"firstperson_righthand": {
			"rotation": [0, 90, -25],
			"translation": [1.13, 3.2, 1.13],
			"scale": [0.68, 0.68, 0.68]
		},
		"firstperson_lefthand": {
			"rotation": [0, 90, -25],
			"translation": [1.13, 3.2, 1.13],
			"scale": [0.68, 0.68, 0.68]
		},
		"ground": {
			"translation": [0, 5.75, 0]
		},
		"gui": {
			"rotation": [30, 35, 0],
			"translation": [0, 1.25, 0],
			"scale": [1.6, 1.6, 1.6]
		},
		"head": {
			"rotation": [0, -180, 0],
			"translation": [0, 13, 7]
		},
		"fixed": {
			"rotation": [0, -180, 0]
		}
	},
	"groups": [
		{
			"name": "group",
			"origin": [10, 4, 7],
			"color": 0,
			"children": [0, 1, 2, 3, 4, 5, 6, 7, 8]
		},
		{
			"name": "Границы",
			"origin": [4, 10, 7],
			"color": 0,
			"children": [9, 10, 11, 12, 13, 14, 15, 16, 17, 18, 19, 20, 21, 22]
		}
	]
}