{
	"format_version": "1.21.6",
	"credit": "Made with Blockbench",
	"render_type": "cutout",
	"textures": {
		"circle": "civilization:item/cosmetics/models/mahoujin",
		"particle": "mahoutsukai:block/mahoujin"
	},
	"elements": [
		{
			"from": [-16, 0, -16],
			"to": [32, 1, 32],
			"faces": {
				"up": {"uv": [0, 0, 16, 16], "texture": "#circle"}
			}
		}
	],
	"display": {
		"thirdperson_righthand": {
			"rotation": [90, -1, 0],
			"translation": [-5.75, -2, -4],
			"scale": [4, 1, 4]
		},
		"head": {
			"translation": [0, -36.75, 0],
			"scale": [3, 1, 3]
		},
		"fixed": {
			"rotation": [-90, 0, 0],
			"translation": [0, 0, -6.75],
			"scale": [4, 1, 4]
		}
	}
}