{
	"format_version": "1.21.6",
	"credit": "Made with Blockbench",
	"texture_size": [64, 64],
	"textures": {
		"0": "civilization:item/cosmetics/models/sculk_blaster",
		"particle": "civilization:item/cosmetics/models/sculk_blaster"
	},
	"elements": [
		{
			"from": [4.5, 14, 0.5],
			"to": [11.5, 19, 11.5],
			"rotation": {"angle": 0, "axis": "y", "origin": [8.5, 1, 10.5]},
			"faces": {
				"north": {"uv": [2.75, 0, 4.5, 1.25], "texture": "#0"},
				"east": {"uv": [0, 0, 2.75, 1.25], "texture": "#0"},
				"south": {"uv": [4.5, 0, 6.25, 1.25], "texture": "#0"},
				"west": {"uv": [2.75, 0, 0, 1.25], "texture": "#0"},
				"up": {"uv": [1.75, 4, 0, 1.25], "texture": "#0"},
				"down": {"uv": [3.5, 1.25, 1.75, 4], "texture": "#0"}
			}
		},
		{
			"from": [5, 15, -10.5],
			"to": [11, 19, 0.5],
			"rotation": {"angle": 0, "axis": "y", "origin": [8, 17.5, -8]},
			"faces": {
				"north": {"uv": [7.75, 4.25, 9.25, 5.25], "texture": "#0"},
				"east": {"uv": [7.5, 7.25, 4.75, 8.25], "texture": "#0"},
				"south": {"uv": [7.75, 5.25, 9.25, 6.25], "texture": "#0"},
				"west": {"uv": [4.75, 7.25, 7.5, 8.25], "texture": "#0"},
				"up": {"uv": [4.75, 9.5, 3.25, 6.75], "texture": "#0"},
				"down": {"uv": [9, 7, 7.5, 9.75], "texture": "#0"}
			}
		},
		{
			"from": [7, 9, 8.5],
			"to": [9, 15, 11.5],
			"rotation": {"angle": -22.5, "axis": "x", "origin": [8, 12, 9]},
			"faces": {
				"north": {"uv": [7, 8.5, 7.5, 10], "texture": "#0"},
				"east": {"uv": [2, 8.75, 2.75, 10.25], "texture": "#0"},
				"south": {"uv": [2.75, 8.75, 3.25, 10.25], "texture": "#0"},
				"west": {"uv": [9, 0, 9.75, 1.5], "texture": "#0"},
				"up": {"uv": [10.75, 4.5, 10.25, 3.75], "texture": "#0"},
				"down": {"uv": [11, 1, 10.5, 1.75], "texture": "#0"}
			}
		},
		{
			"from": [7, 20.07643, 3.90609],
			"to": [9, 21.07643, 8.90609],
			"rotation": {"angle": 0, "axis": "y", "origin": [8, 4.87643, 12.90609]},
			"faces": {
				"north": {"uv": [0.75, 10.75, 1.25, 11], "texture": "#0"},
				"east": {"uv": [6.5, 4.25, 7.75, 4.5], "texture": "#0"},
				"south": {"uv": [10.75, 0.75, 11.25, 1], "texture": "#0"},
				"west": {"uv": [7.75, 6.75, 9, 7], "texture": "#0"},
				"up": {"uv": [5.25, 11, 4.75, 9.75], "texture": "#0"},
				"down": {"uv": [5.75, 9.75, 5.25, 11], "texture": "#0"}
			}
		},
		{
			"name": "front",
			"from": [-0.5, 13.53328, -9.6069],
			"to": [6.5, 23.53328, -9.6069],
			"rotation": {"angle": 22.5, "axis": "z", "origin": [3, 18.53328, -9.6069]},
			"faces": {
				"north": {"uv": [7.75, 12.75, 9.5, 15.25], "texture": "#0"},
				"east": {"uv": [0, 0, 0, 2.25], "texture": "#0"},
				"south": {"uv": [9.5, 12.75, 7.75, 15.25], "texture": "#0"},
				"west": {"uv": [0, 0, 0, 2.25], "texture": "#0"},
				"up": {"uv": [0, 3.25, 0, 0], "rotation": 90, "texture": "#0"},
				"down": {"uv": [0, 0, 0, 3.25], "rotation": 270, "texture": "#0"}
			}
		},
		{
			"name": "front",
			"from": [9.5, 13.53328, -9.6069],
			"to": [16.5, 23.53328, -9.6069],
			"rotation": {"angle": -22.5, "axis": "z", "origin": [13, 18.53328, -9.6069]},
			"faces": {
				"north": {"uv": [5.75, 12.75, 7.5, 15.25], "texture": "#0"},
				"east": {"uv": [0, 0, 0, 2.25], "texture": "#0"},
				"south": {"uv": [7.5, 12.75, 5.75, 15.25], "texture": "#0"},
				"west": {"uv": [0, 0, 0, 2.25], "texture": "#0"},
				"up": {"uv": [0, 0, 0, 3.25], "rotation": 90, "texture": "#0"},
				"down": {"uv": [0, 3.25, 0, 0], "rotation": 270, "texture": "#0"}
			}
		},
		{
			"from": [8, 9.19657, 4.4609],
			"to": [8, 15.19657, 10.4609],
			"rotation": {"angle": 0, "axis": "y", "origin": [8, 11.69657, 6.9609]},
			"faces": {
				"north": {"uv": [0, 0, 0, 1.5], "texture": "#0"},
				"east": {"uv": [6.25, 5.5, 7.75, 7], "texture": "#0"},
				"south": {"uv": [0, 0, 0, 1.5], "texture": "#0"},
				"west": {"uv": [6.5, 0, 8, 1.5], "texture": "#0"},
				"up": {"uv": [0, 1.5, 0, 0], "texture": "#0"},
				"down": {"uv": [0, 0, 0, 1.5], "texture": "#0"}
			}
		},
		{
			"from": [4.9, 14.9, -10.6],
			"to": [11.1, 19.1, 0.6],
			"rotation": {"angle": 0, "axis": "y", "origin": [8, 17.5, -8]},
			"faces": {
				"north": {"uv": [13, 2, 14.5, 3], "texture": "#0"},
				"east": {"uv": [14, 5.25, 11.25, 6.25], "texture": "#0"},
				"south": {"uv": [13, 3, 14.5, 4], "texture": "#0"},
				"west": {"uv": [11.25, 5.25, 14, 6.25], "texture": "#0"},
				"up": {"uv": [15.75, 7.75, 14.25, 5], "texture": "#0"},
				"down": {"uv": [16, 2, 14.5, 4.75], "texture": "#0"}
			}
		},
		{
			"from": [4.4, 15.9, 0.4],
			"to": [11.6, 20.1, 11.6],
			"rotation": {"angle": 0, "axis": "y", "origin": [8, 17.5, 6]},
			"faces": {
				"north": {"uv": [12.5, 10.5, 14.25, 11.5], "texture": "#0"},
				"east": {"uv": [12.5, 12, 15.25, 13], "texture": "#0"},
				"south": {"uv": [12.5, 9, 14.25, 10], "texture": "#0"},
				"west": {"uv": [12.5, 12, 15.25, 13], "texture": "#0"},
				"up": {"uv": [12, 11.25, 10.25, 8.5], "texture": "#0"}
			}
		}
	],
	"gui_light": "front",
	"display": {
		"thirdperson_righthand": {
			"translation": [0, -5.75, 2.5],
			"scale": [0.9, 0.9, 0.9]
		},
		"thirdperson_lefthand": {
			"translation": [0, -7.75, 0.5],
			"scale": [0.9, 0.9, 0.9]
		},
		"firstperson_righthand": {
			"translation": [3.5, -6, 0],
			"scale": [0.8, 0.8, 0.8]
		},
		"firstperson_lefthand": {
			"translation": [3.5, -6, 0],
			"scale": [0.8, 0.8, 0.8]
		},
		"ground": {
			"rotation": [9, 0, 50],
			"translation": [4.5, -2, 0],
			"scale": [0.5, 0.5, 0.5]
		},
		"gui": {
			"rotation": [155.1, -53.38, 156.38],
			"translation": [-2.5, -5.5, 0],
			"scale": [0.6, 0.6, 0.6]
		}
	}
}